,Temperature,Humidity,Light,CO2,HumidityRatio
15666,2000.0,1870.0,0.0,43800.0,0.26962878914887
15667,1997.25,1874.5,0.0,43366.6666666667,0.26981838167703
15668,2000.0,1879.0,0.0,43450.0,0.27093212027033003
15669,2000.0,1870.0,0.0,43400.0,0.26962878914887
15670,2000.0,1874.5,0.0,43850.0,0.27028044791168
15671,2000.0,1874.5,0.0,44300.0,0.27028044791168
15672,2000.0,1874.5,0.0,43700.0,0.27028044791168
15673,2000.0,1879.0,0.0,43650.0,0.27093212027033003
15674,2000.0,1873.0,0.0,43633.3333333333,0.27006322681345
15675,2000.0,1873.0,0.0,43366.6666666667,0.27006322681345
15676,2000.0,1879.0,0.0,43550.0,0.27093212027033003
15677,2000.0,1879.0,0.0,43800.0,0.27093212027033003
15678,2000.0,1879.0,0.0,43800.0,0.27093212027033003
15679,2000.0,1879.0,0.0,44100.0,0.27093212027033003
15680,2000.0,1870.0,0.0,43400.0,0.26962878914887
15681,2000.0,1874.5,0.0,43500.0,0.27028044791168
15682,2000.0,1879.0,0.0,43500.0,0.27093212027033003
15683,2000.0,1879.0,0.0,43500.0,0.27093212027033003
15684,2000.0,1870.0,0.0,43600.0,0.26962878914887
15685,2000.0,1870.0,0.0,44350.0,0.26962878914887
15686,2000.0,1870.0,0.0,45100.0,0.26962878914887
15687,2000.0,1870.0,0.0,44800.0,0.26962878914887
15688,2000.0,1870.0,0.0,44350.0,0.26962878914887
15689,2000.0,1864.9999999999998,0.0,44200.0,0.26890473980207996
15690,2000.0,1870.0,0.0,44200.0,0.26962878914887
15691,2000.0,1870.0,0.0,43766.6666666667,0.26962878914887
15692,2000.0,1874.5,0.0,44200.0,0.27028044791168
15693,2000.0,1879.0,0.0,44400.0,0.27093212027033003
15694,2000.0,1870.0,0.0,44333.3333333333,0.26962878914887
15695,2000.0,1864.9999999999998,0.0,44000.0,0.26890473980207996
15696,2000.0,1860.0000000000002,0.0,43800.0,0.26818070723918
15697,2000.0,1870.0,0.0,43900.0,0.26962878914887
15698,2000.0,1870.0,0.0,44000.0,0.26962878914887
15699,2000.0,1870.0,0.0,43900.0,0.26962878914887
15700,2000.0,1870.0,0.0,43900.0,0.26962878914887
15701,2005.0,1870.0,0.0,43600.0,0.27046865549194
15702,2000.0,1864.9999999999998,0.0,43200.0,0.26890473980207996
15703,2000.0,1860.0000000000002,0.0,43800.0,0.26818070723918
15704,2000.0,1870.0,0.0,43750.0,0.26962878914887
15705,2005.0,1870.0,0.0,43350.0,0.27046865549194
15706,2000.0,1870.0,0.0,43425.0,0.26962878914887
15707,2000.0,1870.0,0.0,43500.0,0.26962878914887
15708,2000.0,1870.0,0.0,43900.0,0.26962878914887
15709,2000.0,1870.0,0.0,43400.0,0.26962878914887
15710,2000.0,1870.0,0.0,43600.0,0.26962878914887
15711,2000.0,1870.0,0.0,43400.0,0.26962878914887
15712,2000.0,1870.0,0.0,43700.0,0.26962878914887
15713,2000.0,1870.0,0.0,43366.6666666667,0.26962878914887
15714,2000.0,1870.0,0.0,43350.0,0.26962878914887
15715,2000.0,1860.0000000000002,0.0,43200.0,0.26818070723918
15716,2000.0,1866.66666666667,0.0,43333.3333333333,0.26914608771944004
15717,2000.0,1870.0,0.0,43200.0,0.26962878914887
15718,2000.0,1870.0,0.0,43700.0,0.26962878914887
15719,2000.0,1870.0,0.0,43950.0,0.26962878914887
15720,2000.0,1870.0,0.0,43600.0,0.26962878914887
15721,2000.0,1870.0,0.0,43500.0,0.26962878914887
15722,2005.0,1870.0,0.0,43350.0,0.27046865549194
15723,2003.3333333333298,1863.33333333333,0.0,43800.0,0.26922103671381
15724,2000.0,1870.0,0.0,43650.0,0.26962878914887
15725,2000.0,1864.9999999999998,0.0,43500.0,0.26890473980207996
15726,2000.0,1864.9999999999998,0.0,43450.0,0.26890473980207996
15727,1994.5,1870.0,0.0,43550.0,0.26870758812226
15728,1989.0,1870.0,0.0,43600.0,0.26778915837621
15729,2000.0,1864.9999999999998,0.0,43500.0,0.26890473980207996
15730,1994.5,1870.0,0.0,43400.0,0.26870758812226
15731,2000.0,1870.0,0.0,43600.0,0.26962878914887
15732,2000.0,1870.0,0.0,43300.0,0.26962878914887
15733,2000.0,1870.0,0.0,43450.0,0.26962878914887
15734,2000.0,1870.0,0.0,43500.0,0.26962878914887
15735,2000.0,1860.0000000000002,0.0,43600.0,0.26818070723918
15736,1994.5,1870.0,0.0,43350.0,0.26870758812226
15737,1994.5,1870.0,0.0,43400.0,0.26870758812226
15738,1994.5,1870.0,0.0,43800.0,0.26870758812226
15739,1994.5,1870.0,0.0,43600.0,0.26870758812226
15740,2000.0,1870.0,0.0,43900.0,0.26962878914887
15741,2000.0,1870.0,0.0,43700.0,0.26962878914887
15742,2000.0,1870.0,0.0,44150.0,0.26962878914887
15743,2000.0,1870.0,0.0,44100.0,0.26962878914887
15744,1992.6666666666702,1870.0,0.0,43533.3333333333,0.26840113730721
15745,1994.5,1870.0,0.0,43700.0,0.26870758812226
15746,2000.0,1870.0,0.0,43550.0,0.26962878914887
15747,2000.0,1870.0,0.0,43900.0,0.26962878914887
15748,1994.5,1870.0,0.0,43850.0,0.26870758812226
15749,1994.5,1870.0,0.0,44000.0,0.26870758812226
15750,1994.5,1870.0,0.0,44100.0,0.26870758812226
15751,1992.6666666666702,1870.0,0.0,44166.6666666667,0.26840113730721
15752,2000.0,1870.0,0.0,44000.0,0.26962878914887
15753,2000.0,1870.0,0.0,43900.0,0.26962878914887
15754,1996.3333333333298,1870.0,0.0,44000.0,0.26901434685725
15755,1994.5,1874.5,0.0,44150.0,0.2693570108585
15756,1989.0,1874.5,0.0,43300.0,0.26843635187812
15757,2000.0,1879.0,0.0,43500.0,0.27093212027033003
15758,1994.5,1879.0,0.0,43450.0,0.27000644709763
15759,1992.6666666666702,1879.0,0.0,43500.0,0.2696985085879
15760,1989.0,1874.5,0.0,43550.0,0.26843635187812
15761,1989.0,1879.0,0.0,44133.3333333333,0.26908355879058
15762,1989.0,1870.0,0.0,44500.0,0.26778915837621
15763,1989.0,1879.0,0.0,44400.0,0.26908355879058
15764,1989.0,1879.0,0.0,43900.0,0.26908355879058
15765,1989.0,1879.0,0.0,43850.0,0.26908355879058
15766,1989.0,1879.0,0.0,44366.6666666667,0.26908355879058
15767,1989.0,1876.0000000000002,0.0,43766.6666666667,0.26865208602552
15768,1989.0,1881.5000000000002,0.0,43500.0,0.26944312398122
15769,1989.0,1879.0,0.0,43750.0,0.26908355879058
15770,1989.0,1879.0,0.0,43850.0,0.26908355879058
15771,1989.0,1879.0,0.0,43900.0,0.26908355879058
15772,1989.0,1884.0,0.0,43650.0,0.26980269331113
15773,1989.0,1879.0,0.0,43900.0,0.26908355879058
15774,1989.0,1884.0,0.0,43600.0,0.26980269331113
15775,1989.0,1889.0,0.0,43700.0,0.27052184438901
15776,1989.0,1884.0,0.0,43750.0,0.26980269331113
15777,1989.0,1884.0,0.0,43800.0,0.26980269331113
15778,1989.0,1889.0,0.0,43500.0,0.27052184438901
15779,1989.0,1879.0,0.0,43800.0,0.26908355879058
15780,1989.0,1885.6666666666702,0.0,43666.6666666667,0.27004240849736
15781,1989.0,1889.0,0.0,43633.3333333333,0.27052184438901
15782,1989.0,1889.0,0.0,43433.3333333333,0.27052184438901
15783,1989.0,1889.0,0.0,44000.0,0.27052184438901
15784,1989.0,1889.0,0.0,43633.3333333333,0.27052184438901
15785,1989.0,1889.0,0.0,43300.0,0.27052184438901
15786,1989.0,1889.0,0.0,43650.0,0.27052184438901
15787,1989.0,1889.0,0.0,43650.0,0.27052184438901
15788,1989.0,1889.0,0.0,43766.6666666667,0.27052184438901
15789,1989.0,1885.6666666666702,0.0,43500.0,0.27004240849736
15790,1989.0,1889.0,0.0,44000.0,0.27052184438901
15791,1989.0,1889.0,0.0,43850.0,0.27052184438901
15792,1989.0,1889.0,0.0,43900.0,0.27052184438901
15793,1984.0,1889.0,0.0,43900.0,0.26968077466252
15794,1979.0,1889.0,0.0,43900.0,0.26884200755615
15795,1989.0,1889.0,0.0,43800.0,0.27052184438901
15796,1989.0,1889.0,0.0,44400.0,0.27052184438901
15797,1984.0,1894.5,0.0,43800.0,0.27046938978904
15798,1989.0,1889.0,0.0,43900.0,0.27052184438901
15799,1989.0,1889.0,0.0,43766.6666666667,0.27052184438901
15800,1989.0,1889.0,0.0,43700.0,0.27052184438901
15801,1989.0,1889.0,0.0,43300.0,0.27052184438901
15802,1989.0,1889.0,0.0,43900.0,0.27052184438901
15803,1989.0,1894.5,0.0,44250.0,0.27131292969907
15804,1989.0,1889.0,0.0,44050.0,0.27052184438901
15805,1989.0,1889.0,0.0,43900.0,0.27052184438901
15806,1989.0,1889.0,0.0,43300.0,0.27052184438901
15807,1989.0,1896.3333333333298,0.0,43166.6666666667,0.27157662925478
15808,1989.0,1900.0,0.0,43300.0,0.27210403504494
15809,1989.0,1900.0,0.0,43400.0,0.27210403504494
15810,1989.0,1889.0,0.0,43700.0,0.27052184438901
15811,1989.0,1894.5,0.0,43950.0,0.27131292969907
15812,1989.0,1900.0,0.0,43800.0,0.27210403504494
15813,1989.0,1889.0,0.0,43900.0,0.27052184438901
15814,1989.0,1900.0,0.0,44066.6666666667,0.27210403504494
15815,1989.0,1894.5,0.0,43800.0,0.27131292969907
15816,1989.0,1889.0,0.0,43800.0,0.27052184438901
15817,1989.0,1889.0,0.0,43700.0,0.27052184438901
15818,1989.0,1894.5,0.0,44100.0,0.27131292969907
15819,1989.0,1889.0,0.0,43700.0,0.27052184438901
15820,1989.0,1889.0,0.0,43900.0,0.27052184438901
15821,1989.0,1889.0,0.0,43700.0,0.27052184438901
15822,1989.0,1889.0,0.0,43700.0,0.27052184438901
15823,1989.0,1889.0,0.0,43600.0,0.27052184438901
15824,1989.0,1894.5,0.0,43600.0,0.27131292969907
15825,1989.0,1889.0,0.0,43100.0,0.27052184438901
15826,1989.0,1889.0,0.0,43700.0,0.27052184438901
15827,1989.0,1900.0,0.0,44250.0,0.27210403504494
15828,1989.0,1889.0,0.0,44300.0,0.27052184438901
15829,1989.0,1900.0,0.0,44300.0,0.27210403504494
15830,1989.0,1900.0,0.0,44100.0,0.27210403504494
15831,1989.0,1900.0,0.0,44050.0,0.27210403504494
15832,1989.0,1900.0,0.0,44150.0,0.27210403504494
15833,1989.0,1900.0,0.0,44250.0,0.27210403504494
15834,1989.0,1905.0,0.0,44500.0,0.27282323911009
15835,1989.0,1905.0,0.0,44250.0,0.27282323911009
15836,1979.0,1900.0,0.0,44300.0,0.27041433088701
15837,1989.0,1905.0,0.0,44250.0,0.27282323911009
15838,1989.0,1905.0,0.0,44100.0,0.27282323911009
15839,1989.0,1910.0000000000002,0.0,43300.0,0.27354245973497
15840,1979.0,1900.0,0.0,43500.0,0.27041433088701
15841,1989.0,1900.0,0.0,43400.0,0.27210403504494
15842,1989.0,1900.0,0.0,43850.0,0.27210403504494
15843,1989.0,1900.0,0.0,43733.3333333333,0.27210403504494
15844,1989.0,1900.0,0.0,43500.0,0.27210403504494
15845,1984.0,1900.0,0.0,43700.0,0.27125802482671
15846,1979.0,1900.0,0.0,43700.0,0.27041433088701
15847,1979.0,1900.0,0.0,43450.0,0.27041433088701
15848,1979.0,1900.0,0.0,43600.0,0.27041433088701
15849,1979.0,1900.0,0.0,44133.3333333333,0.27041433088701
15850,1979.0,1900.0,0.0,43500.0,0.27041433088701
15851,1979.0,1900.0,0.0,43050.0,0.27041433088701
15852,1989.0,1905.0,0.0,43650.0,0.27282323911009
15853,1984.0,1900.0,0.0,44250.0,0.27125802482671
15854,1985.6666666666702,1906.66666666667,0.0,44233.3333333333,0.27249671579181
15855,1979.0,1900.0,0.0,44300.0,0.27041433088701
15856,1979.0,1900.0,0.0,44150.0,0.27041433088701
15857,1979.0,1900.0,0.0,44300.0,0.27041433088701
15858,1984.0,1910.0000000000002,0.0,43600.0,0.27269195772787996
15859,1979.0,1910.0000000000002,0.0,43500.0,0.27184378441859003
15860,1984.0,1910.0000000000002,0.0,43700.0,0.27269195772787996
15861,1979.0,1905.0,0.0,44100.0,0.27112904947567
15862,1979.0,1910.0000000000002,0.0,44200.0,0.27184378441859003
15863,1979.0,1910.0000000000002,0.0,43850.0,0.27184378441859003
15864,1979.0,1910.0000000000002,0.0,43650.0,0.27184378441859003
15865,1979.0,1910.0000000000002,0.0,44000.0,0.27184378441859003
15866,1989.0,1910.0000000000002,0.0,43900.0,0.27354245973497
15867,1979.0,1910.0000000000002,0.0,43900.0,0.27184378441859003
15868,1979.0,1910.0000000000002,0.0,43600.0,0.27184378441859003
15869,1979.0,1910.0000000000002,0.0,43600.0,0.27184378441859003
15870,1979.0,1910.0000000000002,0.0,43825.0,0.27184378441859003
15871,1979.0,1910.0000000000002,0.0,44050.0,0.27184378441859003
15872,1979.0,1916.66666666667,0.0,44025.0,0.2727967897834
15873,1979.0,1910.0000000000002,0.0,44300.0,0.27184378441859003
15874,1984.0,1920.0,0.0,43950.0,0.27412595645807003
15875,1979.0,1914.9999999999998,0.0,44000.0,0.27255853571632
15876,1979.0,1914.9999999999998,0.0,43850.0,0.27255853571632
15877,1979.0,1910.0000000000002,0.0,43800.0,0.27184378441859003
15878,1979.0,1920.0,0.0,43400.0,0.27327330336943
15879,1974.5,1920.0,0.0,43866.6666666667,0.2725079126974
15880,1979.0,1920.0,0.0,43600.0,0.27327330336943
15881,1979.0,1920.0,0.0,44050.0,0.27327330336943
15882,1979.0,1920.0,0.0,44233.3333333333,0.27327330336943
15883,1979.0,1920.0,0.0,44150.0,0.27327330336943
15884,1979.0,1920.0,0.0,44000.0,0.27327330336943
15885,1979.0,1920.0,0.0,43800.0,0.27327330336943
15886,1979.0,1920.0,0.0,43733.3333333333,0.27327330336943
15887,1979.0,1920.0,0.0,44300.0,0.27327330336943
15888,1979.0,1920.0,0.0,43700.0,0.27327330336943
15889,1979.0,1920.0,0.0,43500.0,0.27327330336943
15890,1979.0,1924.5,0.0,43600.0,0.27391660824154
15891,1979.0,1920.0,0.0,44000.0,0.27327330336943
15892,1979.0,1920.0,0.0,44175.0,0.27327330336943
15893,1979.0,1924.5,0.0,44500.0,0.27391660824154
15894,1979.0,1924.5,0.0,44000.0,0.27391660824154
15895,1979.0,1924.5,0.0,43750.0,0.27391660824154
15896,1979.0,1929.0,0.0,44000.0,0.27455992636237003
15897,1979.0,1929.0,0.0,43850.0,0.27455992636237003
15898,1979.0,1920.0,0.0,43800.0,0.27327330336943
15899,1979.0,1929.0,0.0,43950.0,0.27455992636237003
15900,1979.0,1929.0,0.0,44000.0,0.27455992636237003
15901,1979.0,1929.0,0.0,44100.0,0.27455992636237003
15902,1979.0,1929.0,0.0,44100.0,0.27455992636237003
15903,1979.0,1929.0,0.0,43750.0,0.27455992636237003
15904,1979.0,1929.0,0.0,43900.0,0.27455992636237003
15905,1979.0,1929.0,0.0,43800.0,0.27455992636237003
15906,1979.0,1929.0,0.0,44800.0,0.27455992636237003
15907,1979.0,1929.0,0.0,44100.0,0.27455992636237003
15908,1979.0,1929.0,0.0,44300.0,0.27455992636237003
15909,1979.0,1929.0,0.0,44200.0,0.27455992636237003
15910,1979.0,1929.0,0.0,43900.0,0.27455992636237003
15911,1979.0,1929.0,0.0,43950.0,0.27455992636237003
15912,1979.0,1929.0,0.0,43850.0,0.27455992636237003
15913,1979.0,1935.6666666666702,0.0,43866.6666666667,0.27551301459888
15914,1979.0,1929.0,0.0,44300.0,0.27455992636237003
15915,1979.0,1929.0,0.0,43600.0,0.27455992636237003
15916,1979.0,1929.0,0.0,44200.0,0.27455992636237003
15917,1979.0,1929.0,0.0,44000.0,0.27455992636237003
15918,1979.0,1929.0,0.0,43900.0,0.27455992636237003
15919,1979.0,1929.0,0.0,44233.3333333333,0.27455992636237003
15920,1979.0,1939.0,0.0,44150.0,0.27598956962217996
15921,1979.0,1929.0,0.0,44650.0,0.27455992636237003
15922,1979.0,1929.0,0.0,45000.0,0.27455992636237003
15923,1984.0,1929.0,0.0,44400.0,0.2754166116028
15924,1979.0,1929.0,0.0,44200.0,0.27455992636237003
15925,1979.0,1929.0,0.0,44000.0,0.27455992636237003
15926,1979.0,1929.0,0.0,44100.0,0.27455992636237003
15927,1979.0,1929.0,0.0,44200.0,0.27455992636237003
15928,1979.0,1929.0,0.0,44100.0,0.27455992636237003
15929,1979.0,1929.0,0.0,44100.0,0.27455992636237003
15930,1979.0,1932.3333333333298,0.0,44133.3333333333,0.27503646684567
15931,1979.0,1939.0,0.0,43900.0,0.27598956962217996
15932,1979.0,1934.0,0.0,43950.0,0.27527473981352
15933,1979.0,1939.0,0.0,44200.0,0.27598956962217996
15934,1979.0,1929.0,0.0,44300.0,0.27455992636237003
15935,1979.0,1929.0,0.0,43950.0,0.27455992636237003
15936,1979.0,1929.0,0.0,44100.0,0.27455992636237003
15937,1979.0,1929.0,0.0,44100.0,0.27455992636237003
15938,1979.0,1929.0,0.0,44333.3333333333,0.27455992636237003
15939,1979.0,1929.0,0.0,44300.0,0.27455992636237003
15940,1979.0,1929.0,0.0,44550.0,0.27455992636237003
15941,1979.0,1929.0,0.0,44600.0,0.27455992636237003
15942,1979.0,1929.0,0.0,44200.0,0.27455992636237003
15943,1979.0,1929.0,0.0,44250.0,0.27455992636237003
15944,1979.0,1929.0,0.0,44000.0,0.27455992636237003
15945,1979.0,1929.0,0.0,44150.0,0.27455992636237003
15946,1979.0,1929.0,0.0,44300.0,0.27455992636237003
15947,1979.0,1929.0,0.0,44300.0,0.27455992636237003
15948,1979.0,1935.6666666666702,0.0,44166.6666666667,0.27551301459888
15949,1979.0,1929.0,0.0,44200.0,0.27455992636237003
15950,1979.0,1932.3333333333298,0.0,44633.3333333333,0.27503646684567
15951,1979.0,1929.0,0.0,44050.0,0.27455992636237003
15952,1974.5,1934.0,0.0,43750.0,0.27450371883749
15953,1979.0,1934.0,0.0,44250.0,0.27527473981352
15954,1979.0,1939.0,0.0,44200.0,0.27598956962217996
15955,1970.0,1939.0,0.0,43900.0,0.27444541255403
15956,1970.0,1939.0,0.0,43700.0,0.27444541255403
15957,1974.5,1939.0,0.0,43900.0,0.27521653764906
15958,1979.0,1939.0,0.0,44100.0,0.27598956962217996
15959,1979.0,1939.0,0.0,44600.0,0.27598956962217996
15960,1974.5,1939.0,0.0,44300.0,0.27521653764906
15961,1974.5,1939.0,0.0,44100.0,0.27521653764906
15962,1979.0,1939.0,0.0,44300.0,0.27598956962217996
15963,1979.0,1939.0,0.0,43900.0,0.27598956962217996
15964,1970.0,1939.0,0.0,44150.0,0.27444541255403
15965,1976.0000000000002,1939.0,0.0,44066.6666666667,0.27547400289841
15966,1973.0,1939.0,0.0,44400.0,0.27495928427499
15967,1974.5,1939.0,0.0,44200.0,0.27521653764906
15968,1970.0,1939.0,0.0,44100.0,0.27444541255403
15969,1972.25,1939.0,0.0,44850.0,0.2748307369944
15970,1970.0,1939.0,0.0,44500.0,0.27444541255403
15971,1974.5,1939.0,0.0,44200.0,0.27521653764906
15972,1979.0,1939.0,0.0,44450.0,0.27598956962217996
15973,1973.0,1939.0,0.0,44466.6666666667,0.27495928427499
15974,1979.0,1939.0,0.0,44500.0,0.27598956962217996
15975,1979.0,1939.0,0.0,44500.0,0.27598956962217996
15976,1979.0,1934.0,0.0,44550.0,0.27527473981352
15977,1979.0,1939.0,0.0,44400.0,0.27598956962217996
15978,1979.0,1929.0,0.0,44350.0,0.27455992636237003
15979,1979.0,1931.5000000000002,0.0,44600.0,0.27491733104329
15980,1974.5,1934.0,0.0,44600.0,0.27450371883749
15981,1970.0,1929.0,0.0,44700.0,0.27302380307993
15982,1974.5,1929.0,0.0,44450.0,0.27379091629172
15983,1979.0,1929.0,0.0,43750.0,0.27455992636237003
15984,1979.0,1929.0,0.0,43550.0,0.27455992636237003
15985,1974.5,1929.0,0.0,44300.0,0.27379091629172
15986,1979.0,1929.0,0.0,44600.0,0.27455992636237003
15987,1974.5,1929.0,0.0,44050.0,0.27379091629172
15988,1979.0,1929.0,0.0,43950.0,0.27455992636237003
15989,1970.0,1929.0,0.0,44450.0,0.27302380307993
15990,1976.7499999999998,1929.0,0.0,44425.0,0.27417518396831997
15991,1979.0,1929.0,0.0,44600.0,0.27455992636237003
15992,1979.0,1929.0,0.0,44200.0,0.27455992636237003
15993,1974.5,1929.0,0.0,44300.0,0.27379091629172
15994,1970.0,1934.0,0.0,44300.0,0.27373459972969
15995,1974.5,1934.0,0.0,44350.0,0.27450371883749
15996,1974.5,1929.0,0.0,44150.0,0.27379091629172
15997,1979.0,1929.0,0.0,43900.0,0.27455992636237003
15998,1979.0,1929.0,0.0,43700.0,0.27455992636237003
15999,1979.0,1929.0,0.0,44266.6666666667,0.27455992636237003
16000,1979.0,1929.0,0.0,44200.0,0.27455992636237003
16001,1979.0,1929.0,0.0,43850.0,0.27455992636237003
16002,1979.0,1929.0,0.0,43700.0,0.27455992636237003
16003,1979.0,1929.0,0.0,44000.0,0.27455992636237003
16004,1979.0,1926.0000000000002,0.0,44450.0,0.27413104614305
16005,1979.0,1929.0,0.0,43866.6666666667,0.27455992636237003
16006,1979.0,1920.0,0.0,43800.0,0.27327330336943
16007,1979.0,1920.0,0.0,43700.0,0.27327330336943
16008,1979.0,1920.0,0.0,44400.0,0.27327330336943
16009,1979.0,1920.0,0.0,44400.0,0.27327330336943
16010,1979.0,1920.0,0.0,44300.0,0.27327330336943
16011,1979.0,1924.5,0.0,44400.0,0.27391660824154
16012,1976.0000000000002,1926.0000000000002,0.0,44233.3333333333,0.27361896646899
16013,1979.0,1929.0,0.0,44200.0,0.27455992636237003
16014,1976.0000000000002,1929.0,0.0,44466.6666666667,0.27404704202124003
16015,1979.0,1929.0,0.0,44300.0,0.27455992636237003
16016,1974.5,1929.0,0.0,44350.0,0.27379091629172
16017,1979.0,1929.0,0.0,44400.0,0.27455992636237003
16018,1974.5,1929.0,0.0,44100.0,0.27379091629172
16019,1973.0,1932.3333333333298,0.0,44175.0,0.27400975509214
16020,1974.5,1934.0,0.0,44550.0,0.27450371883749
16021,1970.0,1934.0,0.0,44200.0,0.27373459972969
16022,1970.0,1939.0,0.0,44100.0,0.27444541255403
16023,1970.0,1939.0,0.0,44800.0,0.27444541255403
16024,1970.0,1939.0,0.0,44300.0,0.27444541255403
16025,1970.0,1939.0,0.0,44200.0,0.27444541255403
16026,1974.5,1939.0,0.0,44300.0,0.27521653764906
16027,1970.0,1939.0,0.0,44600.0,0.27444541255403
16028,1970.0,1939.0,0.0,43900.0,0.27444541255403
16029,1970.0,1939.0,0.0,44400.0,0.27444541255403
16030,1970.0,1939.0,0.0,44500.0,0.27444541255403
16031,1970.0,1939.0,0.0,44000.0,0.27444541255403
16032,1970.0,1939.0,0.0,44233.3333333333,0.27444541255403
16033,1970.0,1939.0,0.0,44400.0,0.27444541255403
16034,1970.0,1939.0,0.0,44150.0,0.27444541255403
16035,1970.0,1939.0,0.0,44400.0,0.27444541255403
16036,1970.0,1939.0,0.0,43950.0,0.27444541255403
16037,1970.0,1939.0,0.0,44100.0,0.27444541255403
16038,1970.0,1939.0,0.0,44200.0,0.27444541255403
16039,1974.5,1939.0,0.0,44700.0,0.27521653764906
16040,1972.25,1939.0,0.0,45050.0,0.2748307369944
16041,1970.0,1939.0,0.0,45200.0,0.27444541255403
16042,1970.0,1939.0,0.0,45000.0,0.27444541255403
16043,1970.0,1939.0,0.0,44700.0,0.27444541255403
16044,1979.0,1939.0,0.0,44200.0,0.27598956962217996
16045,1970.0,1939.0,0.0,44200.0,0.27444541255403
16046,1970.0,1939.0,0.0,44966.6666666667,0.27444541255403
16047,1970.0,1939.0,0.0,44500.0,0.27444541255403
16048,1970.0,1939.0,0.0,44500.0,0.27444541255403
16049,1970.0,1939.0,0.0,44600.0,0.27444541255403
16050,1970.0,1939.0,0.0,44700.0,0.27444541255403
16051,1970.0,1939.0,0.0,44400.0,0.27444541255403
16052,1970.0,1939.0,0.0,44300.0,0.27444541255403
16053,1970.0,1939.0,0.0,44200.0,0.27444541255403
16054,1970.0,1939.0,0.0,44250.0,0.27444541255403
16055,1970.0,1939.0,0.0,44100.0,0.27444541255403
16056,1970.0,1939.0,0.0,44400.0,0.27444541255403
16057,1970.0,1939.0,0.0,44700.0,0.27444541255403
16058,1970.0,1935.6666666666702,0.0,44500.0,0.2739715355406
16059,1970.0,1939.0,0.0,44500.0,0.27444541255403
16060,1964.9999999999998,1934.0,0.0,44250.0,0.27288224862999
16061,1970.0,1939.0,0.0,44500.0,0.27444541255403
16062,1970.0,1929.0,0.0,44850.0,0.27302380307993
16063,1970.0,1929.0,0.0,44800.0,0.27302380307993
16064,1970.0,1929.0,0.0,44950.0,0.27302380307993
16065,1970.0,1929.0,0.0,45000.0,0.27302380307993
16066,1970.0,1924.5,0.0,44900.0,0.27238409992396
16067,1970.0,1924.5,0.0,44200.0,0.27238409992396
16068,1970.0,1920.0,0.0,44600.0,0.27174440986855997
16069,1970.0,1920.0,0.0,44500.0,0.27174440986855997
16070,1970.0,1929.0,0.0,44450.0,0.27302380307993
16071,1970.0,1920.0,0.0,44500.0,0.27174440986855997
16072,1974.5,1926.7499999999998,0.0,45175.0,0.2734701604527
16073,1976.0000000000002,1923.0,0.0,45033.3333333333,0.27319089678309
16074,1974.5,1920.0,0.0,45100.0,0.2725079126974
16075,1979.0,1920.0,0.0,45200.0,0.27327330336943
16076,1979.0,1920.0,0.0,45000.0,0.27327330336943
16077,1979.0,1920.0,0.0,44400.0,0.27327330336943
16078,1976.7499999999998,1920.0,0.0,44650.0,0.27289037180286996
16079,1979.0,1920.0,0.0,44766.6666666667,0.27327330336943
16080,1979.0,1920.0,0.0,44033.3333333333,0.27327330336943
16081,1979.0,1920.0,0.0,44800.0,0.27327330336943
16082,1973.0,1920.0,0.0,44833.3333333333,0.27225320219168003
16083,1974.5,1924.5,0.0,44500.0,0.27314940790734
16084,1970.0,1920.0,0.0,44200.0,0.27174440986855997
16085,1974.5,1924.5,0.0,44800.0,0.27314940790734
16086,1974.5,1929.0,0.0,44900.0,0.27379091629172
16087,1970.0,1929.0,0.0,45100.0,0.27302380307993
16088,1979.0,1929.0,0.0,44800.0,0.27455992636237003
16089,1970.0,1929.0,0.0,44750.0,0.27302380307993
16090,1970.0,1929.0,0.0,44650.0,0.27302380307993
16091,1970.0,1929.0,0.0,44900.0,0.27302380307993
16092,1970.0,1929.0,0.0,45300.0,0.27302380307993
16093,1970.0,1929.0,0.0,44800.0,0.27302380307993
16094,1970.0,1934.0,0.0,44950.0,0.27373459972969
16095,1970.0,1939.0,0.0,44900.0,0.27444541255403
16096,1970.0,1939.0,0.0,44700.0,0.27444541255403
16097,1966.66666666667,1935.6666666666702,0.0,44933.3333333333,0.27340254725664
16098,1970.0,1939.0,0.0,44800.0,0.27444541255403
16099,1970.0,1939.0,0.0,44650.0,0.27444541255403
16100,1964.9999999999998,1934.0,0.0,44400.0,0.27288224862999
16101,1970.0,1939.0,0.0,44333.3333333333,0.27444541255403
16102,1966.66666666667,1935.6666666666702,0.0,45000.0,0.27340254725664
16103,1966.66666666667,1935.6666666666702,0.0,45333.3333333333,0.27340254725664
16104,1970.0,1939.0,0.0,44800.0,0.27444541255403
16105,1964.9999999999998,1934.0,0.0,44900.0,0.27288224862999
16106,1960.0000000000002,1929.0,0.0,45000.0,0.27132587804371
16107,1970.0,1939.0,0.0,45100.0,0.27444541255403
16108,1964.9999999999998,1934.0,0.0,44300.0,0.27288224862999
16109,1966.66666666667,1935.6666666666702,0.0,44833.3333333333,0.27340254725664
16110,1964.9999999999998,1934.0,0.0,45300.0,0.27288224862999
16111,1960.0000000000002,1929.0,0.0,45100.0,0.27132587804371
16112,1970.0,1939.0,0.0,45150.0,0.27444541255403
16113,1970.0,1939.0,0.0,45100.0,0.27444541255403
16114,1970.0,1939.0,0.0,44800.0,0.27444541255403
16115,1970.0,1939.0,0.0,45000.0,0.27444541255403
16116,1964.9999999999998,1934.0,0.0,44600.0,0.27288224862999
16117,1970.0,1939.0,0.0,44500.0,0.27444541255403
16118,1964.9999999999998,1934.0,0.0,44600.0,0.27288224862999
16119,1970.0,1941.75,0.0,44875.0,0.27483636650204
16120,1970.0,1944.5,0.0,44900.0,0.27522732534311
16121,1970.0,1939.0,0.0,45400.0,0.27444541255403
16122,1970.0,1939.0,0.0,45266.6666666667,0.27444541255403
16123,1970.0,1939.0,0.0,45000.0,0.27444541255403
16124,1964.9999999999998,1934.0,0.0,44450.0,0.27288224862999
16125,1970.0,1939.0,0.0,44850.0,0.27444541255403
16126,1970.0,1939.0,0.0,44800.0,0.27444541255403
16127,1970.0,1939.0,0.0,44700.0,0.27444541255403
16128,1970.0,1939.0,0.0,44950.0,0.27444541255403
16129,1960.0000000000002,1929.0,0.0,45000.0,0.27132587804371
16130,1970.0,1939.0,0.0,45000.0,0.27444541255403
16131,1970.0,1939.0,0.0,44500.0,0.27444541255403
16132,1970.0,1939.0,0.0,44750.0,0.27444541255403
16133,1970.0,1939.0,0.0,45400.0,0.27444541255403
16134,1970.0,1950.0,0.0,45000.0,0.27600925770483997
16135,1970.0,1950.0,0.0,45200.0,0.27600925770483997
16136,1970.0,1950.0,0.0,44700.0,0.27600925770483997
16137,1970.0,1950.0,0.0,45600.0,0.27600925770483997
16138,1964.9999999999998,1944.5,0.0,45200.0,0.27437030580148003
16139,1970.0,1950.0,0.0,45200.0,0.27600925770483997
16140,1970.0,1944.5,0.0,45000.0,0.27522732534311
16141,1964.9999999999998,1944.5,0.0,45050.0,0.27437030580148003
16142,1960.0000000000002,1939.0,0.0,45050.0,0.27273860798363
16143,1970.0,1950.0,0.0,45200.0,0.27600925770483997
16144,1970.0,1950.0,0.0,45500.0,0.27600925770483997
16145,1970.0,1950.0,0.0,45400.0,0.27600925770483997
16146,1960.0000000000002,1942.6666666666702,0.0,45300.0,0.27325662497101
16147,1960.0000000000002,1939.0,0.0,44900.0,0.27273860798363
16148,1960.0000000000002,1950.0,0.0,45100.0,0.27429268471823004
16149,1960.0000000000002,1950.0,0.0,44900.0,0.27429268471823004
16150,1957.5,1950.0,0.0,45100.0,0.27386501298612
16151,1960.0000000000002,1950.0,0.0,45550.0,0.27429268471823004
16152,1960.0000000000002,1950.0,0.0,45350.0,0.27429268471823004
16153,1960.0000000000002,1950.0,0.0,44550.0,0.27429268471823004
16154,1960.0000000000002,1950.0,0.0,44800.0,0.27429268471823004
16155,1960.0000000000002,1950.0,1400.0,45350.0,0.27429268471823004
16156,1960.0000000000002,1950.0,1400.0,45000.0,0.27429268471823004
16157,1960.0000000000002,1950.0,1400.0,45100.0,0.27429268471823004
16158,1960.0000000000002,1950.0,1400.0,45133.3333333333,0.27429268471823004
16159,1960.0000000000002,1950.0,1400.0,45360.0,0.27429268471823004
16160,1960.0000000000002,1950.0,1400.0,45600.0,0.27429268471823004
16161,1960.0000000000002,1950.0,933.333333333333,45100.0,0.27429268471823004
16162,1960.0000000000002,1950.0,1050.0,44600.0,0.27429268471823004
16163,1960.0000000000002,1950.0,700.0,44700.0,0.27429268471823004
16164,1960.0000000000002,1950.0,933.333333333333,44933.3333333333,0.27429268471823004
16165,1960.0000000000002,1950.0,700.0,45075.0,0.27429268471823004
16166,1963.33333333333,1953.3333333333298,933.333333333333,45133.3333333333,0.27533576090102
16167,1960.0000000000002,1950.0,700.0,45050.0,0.27429268471823004
16168,1962.5,1950.0,1000.0,45800.0,0.27472094436211
16169,1960.0000000000002,1950.0,1350.0,45450.0,0.27429268471823004
16170,1960.0000000000002,1950.0,1150.0,45975.0,0.27429268471823004
16171,1964.9999999999998,1955.0,600.0,45700.0,0.27585843386347
16172,1970.0,1955.0,600.0,45900.0,0.27672012229157
16173,1967.5,1950.0,600.0,45625.0,0.27557923016068
16174,1967.5,1950.0,600.0,45300.0,0.27557923016068
16175,1970.0,1950.0,1200.0,45266.6666666667,0.27600925770483997
16176,1967.5,1950.0,2400.0,45325.0,0.27557923016068
16177,1970.0,1950.0,2400.0,45400.0,0.27600925770483997
16178,1970.0,1950.0,2400.0,45800.0,0.27600925770483997
16179,1968.0,1947.8000000000002,2400.0,45800.0,0.27535280477391
16180,1970.0,1950.0,1400.0,45475.0,0.27600925770483997
16181,1967.5,1947.25,1400.0,45350.0,0.27518887335263004
16182,1966.66666666667,1946.3333333333298,1733.33333333333,45633.3333333333,0.27491581579759
16183,1970.0,1950.0,1850.0,45775.0,0.27600925770483997
16184,1970.0,1950.0,2033.33333333333,46100.0,0.27600925770483997
16185,1970.0,1950.0,2650.0,46025.0,0.27600925770483997
16186,1970.0,1950.0,2650.0,45800.0,0.27600925770483997
16187,1970.0,1950.0,2650.0,45900.0,0.27600925770483997
16188,1963.33333333333,1942.6666666666702,2200.0,45700.0,0.27382560181421
16189,1970.0,1950.0,1300.0,45150.0,0.27600925770483997
16190,1970.0,1950.0,2200.0,45150.0,0.27600925770483997
16191,1966.66666666667,1946.3333333333298,3100.0,45500.0,0.27491581579759
16192,1967.5,1947.25,3100.0,45800.0,0.27518887335263004
16193,1970.0,1950.0,3100.0,45750.0,0.27600925770483997
16194,1967.5,1947.25,3100.0,45650.0,0.27518887335263004
16195,1963.33333333333,1942.6666666666702,3100.0,45433.3333333333,0.27382560181421
16196,1967.5,1947.25,3100.0,45500.0,0.27518887335263004
16197,1966.66666666667,1946.3333333333298,4233.33333333333,45633.3333333333,0.27491581579759
16198,1964.9999999999998,1944.5,4800.0,45600.0,0.27437030580148003
16199,1964.9999999999998,1947.25,4800.0,45250.0,0.27476004677508997
16200,1963.33333333333,1950.0,3833.33333333333,45133.3333333333,0.27486382834367
16201,1962.5,1950.0,3350.0,45300.0,0.27472094436211
16202,1960.0000000000002,1950.0,3833.33333333333,45300.0,0.27429268471823004
16203,1960.0000000000002,1950.0,3350.0,45450.0,0.27429268471823004
16204,1960.0000000000002,1950.0,4075.0,45675.0,0.27429268471823004
16205,1960.0000000000002,1950.0,4150.0,45350.0,0.27429268471823004
16206,1957.5,1955.0,3875.0,45025.0,0.27457033077881
16207,1957.5,1960.0000000000002,5500.0,45475.0,0.27527566449747
16208,1957.5,1960.0000000000002,6775.0,45500.0,0.27527566449747
16209,1960.0000000000002,1960.0000000000002,8166.66666666667,45533.3333333333,0.27570554884591
16210,1963.33333333333,1960.0000000000002,8266.66666666667,45700.0,0.2762796474058
16211,1964.9999999999998,1950.0,8975.0,46150.0,0.27514979261146
16212,1970.0,1953.3333333333298,9600.0,45800.0,0.27648316563192
16213,1976.7499999999998,1950.0,9350.0,46100.0,0.27717328454574003
16214,1979.0,1939.0,9350.0,45800.0,0.27598956962217996
16215,1979.0,1939.0,9150.0,46000.0,0.27598956962217996
16216,1989.0,1941.75,10300.0,45325.0,0.27810989718201
16217,1989.0,1939.0,10725.0,45250.0,0.27771426594639
16218,1992.6666666666702,1942.6666666666702,11000.0,45533.3333333333,0.27887774832646
16219,1994.5,1936.4999999999998,11200.0,45100.0,0.27830598781314003
16220,2000.0,1934.0,11600.0,45300.0,0.27889810339437
16221,2000.0,1929.0,11950.0,45075.0,0.27817383916236
16222,2000.0,1929.0,12633.3333333333,45066.6666666667,0.27817383916236
16223,2000.0,1926.7499999999998,13300.0,45825.0,0.27784792573617
16224,2006.66666666667,1926.0000000000002,13300.0,46066.6666666667,0.2788934720234
16225,2010.0000000000002,1929.0,13050.0,46000.0,0.27990941921431
16226,2013.33333333333,1923.0,13766.6666666667,45700.0,0.27961369650672
16227,2014.9999999999998,1922.25,13775.0,45500.0,0.2797938442785
16228,2013.33333333333,1920.0,14333.3333333333,45633.3333333333,0.27917552380573
16229,2020.0,1920.0,14160.0,46175.0,0.28033450586151
16230,2026.7499999999998,1920.0,15175.0,45960.0,0.28151228796288996
16231,2026.7499999999998,1917.5,15200.0,45500.0,0.28114407868703
16232,2029.0,1917.5,15700.0,45440.0,0.28153712234799
16233,2029.0,1914.9999999999998,15300.0,45850.0,0.28116840033941004
16234,2036.4999999999998,1910.0000000000002,16550.0,45575.0,0.28173942565249
16235,2039.0,1907.5,16800.0,45500.0,0.28180575555239
16236,2039.0,1903.3333333333298,17333.3333333333,45600.0,0.28118740755276
16237,2039.0,1900.0,16625.0,45550.0,0.28069273796499
16238,2044.5,1905.0,17050.0,45350.0,0.28239646007775
16239,2050.0,1902.4999999999998,17250.0,46050.0,0.28298750927826
16240,2050.0,1900.0,17533.3333333333,45466.6666666667,0.28261395697788
16241,2052.5,1900.0,18150.0,45500.0,0.2830522082028
16242,2055.0,1900.0,18850.0,45825.0,0.28349105741483
16243,2060.0,1897.25,19000.0,45700.0,0.28395708464656
16244,2060.0,1892.6666666666702,19666.6666666667,45633.3333333333,0.28326798354881
16245,2065.0,1894.5,19900.0,45750.0,0.28442294154180003
16246,2070.0,1891.75,21500.0,45450.0,0.28488862317137
16247,2070.0,1889.0,61150.0,45225.0,0.28447259208651
16248,2070.0,1889.0,154633.333333333,45533.3333333333,0.28447259208651
16249,2074.5,1889.0,145175.0,45300.0,0.28526586329287
16250,2076.0,1885.6666666666702,82900.0,45266.6666666667,0.28502456233221
16251,2079.0,1884.0,25125.0,45875.0,0.28530043145864
16252,2079.0,1881.5000000000002,20550.0,46166.6666666667,0.2849201139032
16253,2079.0,1884.0,22075.0,45840.0,0.28530043145864
16254,2082.33333333333,1885.6666666666702,22466.6666666667,45433.3333333333,0.28614323459737
16255,2081.5,1881.5000000000002,20500.0,45850.0,0.28536097006165
16256,2084.0,1884.0,21900.0,45750.0,0.28618392703148005
16257,2089.0,1884.0,21200.0,46000.0,0.28706982919263
16258,2089.0,1881.5000000000002,23025.0,45925.0,0.28668714213328
16259,2089.0,1882.3333333333298,24133.3333333333,45933.3333333333,0.28681470396558
16260,2096.33333333333,1879.0,20433.3333333333,46033.3333333333,0.28760465611867997
16261,2097.25,1879.0,18325.0,46400.0,0.28776754540562
16262,2096.33333333333,1879.0,22900.0,45900.0,0.28760465611867997
16263,2100.0,1876.7499999999998,20650.0,45675.0,0.28790993102459
16264,2100.0,1876.7499999999998,20400.0,45975.0,0.28790993102459
16265,2100.0,1876.7499999999998,25725.0,45900.0,0.28790993102459
16266,2100.0,1870.0,25700.0,45650.0,0.28686964592541
16267,2107.5,1870.0,25700.0,45825.0,0.28820095865226997
16268,2112.5,1870.0,25300.0,46150.0,0.28909151763711
16269,2110.0,1866.66666666667,27033.333333333296,46300.0,0.28812903216179997
16270,2113.3333333333303,1860.0000000000002,26900.0,46066.6666666667,0.28768628641445
16271,2115.0,1860.0000000000002,26550.0,46100.0,0.28798220574645
16272,2120.0,1860.0000000000002,27000.0,46166.6666666667,0.28887157117658
16273,2120.0,1860.0000000000002,27100.0,46333.3333333333,0.28887157117658
16274,2126.75,1860.0000000000002,25800.0,46125.0,0.2900760471659
16275,2129.0,1860.0000000000002,26700.0,46300.0,0.29047851984009
16276,2129.0,1856.66666666667,27033.333333333296,46033.3333333333,0.28995552228955
16277,2129.0,1852.4999999999998,25875.0,46150.0,0.28930178766181996
16278,2131.5,1852.4999999999998,26900.0,46175.0,0.2897477333126
16279,2136.5,1850.0,26250.0,45550.0,0.29024738024060004
16280,2135.66666666667,1850.0,27533.333333333296,45733.3333333333,0.29009846419122004
16281,2139.0,1850.0,27125.0,45925.0,0.29069453195573997
16282,2141.75,1850.0,28825.0,46150.0,0.29118709868125997
16283,2139.0,1844.5,29100.0,46050.0,0.28982627802847
16284,2150.0,1850.0,28725.0,46200.0,0.29266920705127997
16285,2150.0,1850.0,28333.333333333296,46400.0,0.29266920705127997
16286,2150.0,1850.0,29050.0,46250.0,0.29266920705127997
16287,2150.0,1847.25,29025.0,46150.0,0.29223211425511997
16288,2150.0,1842.6666666666702,30300.0,45900.0,0.29150363984874
16289,2155.0,1839.0,30050.0,45925.0,0.29181693580099
16290,2160.0,1839.0,29700.0,46250.0,0.29271542590356003
16291,2160.0,1839.0,30050.0,45850.0,0.29271542590356003
16292,2160.0,1839.0,30766.666666666704,45700.0,0.29271542590356003
16293,2170.0,1839.0,30675.0,45400.0,0.29451970921953996
16294,2170.0,1836.4999999999998,30500.0,45450.0,0.29411743574471
16295,2170.0,1829.0,30400.0,45600.0,0.29291064639253
16296,2170.0,1829.0,30500.0,46075.0,0.29291064639253
16297,2170.0,1829.0,31733.333333333296,45466.6666666667,0.29291064639253
16298,2174.5,1824.5,30050.0,45900.0,0.29299522167573
16299,2174.5,1820.0,32475.0,45825.0,0.2922691740763
16300,2179.0,1820.0,31400.0,45475.0,0.29307775015886
16301,2179.0,1820.0,31675.0,45350.0,0.29307775015886
16302,2184.0,1822.25,32750.0,46300.0,0.29434362971478
16303,2185.66666666667,1816.66666666667,31133.333333333296,46200.0,0.29373773880267
16304,2189.0,1820.0,32850.0,46125.0,0.29488163347437
16305,2189.0,1820.0,32700.0,45966.6666666667,0.29488163347437
16306,2189.0,1810.0000000000002,32400.0,45725.0,0.29325376584144996
16307,2189.0,1810.0000000000002,32933.3333333333,46000.0,0.29325376584144996
16308,2189.0,1810.0000000000002,33025.0,45850.0,0.29325376584144996
16309,2194.5,1810.0000000000002,32125.0,45800.0,0.29424453212033
16310,2200.0,1810.0000000000002,33475.0,46000.0,0.29523824100169
16311,2200.0,1805.0,33300.0,45250.0,0.29441880528903003
16312,2200.0,1802.4999999999998,33475.0,46450.0,0.29400909549096
16313,2203.33333333333,1803.3333333333298,34500.0,46433.3333333333,0.2947471033584
16314,2206.6666666666697,1800.0,33533.3333333333,45900.0,0.29480110283369
16315,2210.0,1800.0,33650.0,45850.0,0.29540357910551
16316,2210.0,1797.25,34200.0,46125.0,0.29495012798148
16317,2210.0,1796.3333333333298,33533.3333333333,46466.6666666667,0.29479897906909003
16318,2210.0,1794.5,28875.0,46100.0,0.29449668343767
16319,2210.0,1789.0,35133.3333333333,45933.3333333333,0.2935898140901
16320,2210.0,1794.5,34800.0,45925.0,0.29449668343767
16321,2210.0,1797.25,35100.0,45750.0,0.29495012798148
16322,2210.0,1800.0,35100.0,46300.0,0.29540357910551
16323,2215.0,1794.5,35100.0,45850.0,0.29539963421161997
16324,2220.0,1789.0,35550.0,45675.0,0.29539255434482004
16325,2220.0,1789.0,33300.0,45975.0,0.29539255434482004
16326,2220.0,1789.0,33750.0,45950.0,0.29539255434482004
16327,2220.0,1789.0,35025.0,45850.0,0.29539255434482004
16328,2224.5,1789.0,34750.0,45675.0,0.29620695799674
16329,2229.0,1789.0,35233.3333333333,45200.0,0.29702333532421
16330,2227.2,1782.9999999999998,35040.0,45250.0,0.29569674729149
16331,2229.0,1781.5000000000002,35750.0,45540.0,0.29577220731358
16332,2229.0,1784.0,35300.0,45350.0,0.29618924441789996
16333,2234.0,1779.0,34400.0,45675.0,0.29625944981678
16334,2235.66666666667,1779.0,35000.0,45900.0,0.29656141496977
16335,2234.0,1779.0,33775.0,45750.0,0.29625944981678
16336,2236.5,1776.7499999999998,33350.0,45350.0,0.29633544237361004
16337,2239.0,1770.0,33800.0,45366.6666666667,0.29565564114778997
16338,2236.5,1774.5,35300.0,45200.0,0.29595839029533
16339,2235.66666666667,1770.0,34200.0,45266.6666666667,0.29505398734639
16340,2239.0,1770.0,35150.0,45350.0,0.29565564114778997
16341,2239.0,1770.0,35000.0,45525.0,0.29565564114778997
16342,2239.0,1770.0,36200.0,45200.0,0.29565564114778997
16343,2241.75,1770.0,35575.0,45225.0,0.29615281729163
16344,2241.75,1770.0,34250.0,45950.0,0.29615281729163
16345,2244.5,1764.9999999999998,35300.0,45800.0,0.29580874662503
16346,2250.0,1770.0,34400.0,45650.0,0.29764875892884
16347,2250.0,1770.0,35750.0,45600.0,0.29764875892884
16348,2250.0,1770.0,35300.0,45375.0,0.29764875892884
16349,2250.0,1770.0,33400.0,45900.0,0.29764875892884
16350,2253.33333333333,1763.33333333333,33100.0,45900.0,0.29712632407913997
16351,2255.0,1760.0000000000002,34600.0,45875.0,0.29686379753341996
16352,2252.5,1764.9999999999998,34100.0,45150.0,0.29725725982904
16353,2250.0,1760.0000000000002,33100.0,45100.0,0.29595912600861
16354,2255.0,1760.0000000000002,35425.0,45050.0,0.29686379753341996
16355,2257.5,1760.0000000000002,34975.0,45550.0,0.29731704428367
16356,2260.0,1760.0000000000002,36450.0,45300.0,0.29777089929062
16357,2260.0,1760.0000000000002,35600.0,45550.0,0.29777089929062
16358,2260.0,1755.0,34975.0,45600.0,0.29692092101555
16359,2260.0,1760.0000000000002,35733.3333333333,45866.6666666667,0.29777089929062
16360,2260.0,1752.4999999999998,35425.0,45850.0,0.29649594054783
16361,2260.0,1756.66666666667,35733.3333333333,45600.0,0.29720424453838
16362,2260.0,1750.0,33633.3333333333,45500.0,0.29607096585982
16363,2260.0,1760.0000000000002,35975.0,45500.0,0.29777089929062
16364,2265.0,1760.0000000000002,35800.0,45875.0,0.29868043687297
16365,2266.66666666667,1756.66666666667,35500.0,45533.3333333333,0.29841518373472
16366,2270.0,1760.0000000000002,34900.0,45100.0,0.29959241588398
16367,2270.0,1760.0000000000002,35800.0,45550.0,0.29959241588398
16368,2270.0,1760.0000000000002,34900.0,45800.0,0.29959241588398
16369,2270.0,1760.0000000000002,35266.6666666667,45666.6666666667,0.29959241588398
16370,2270.0,1760.0000000000002,34550.0,45375.0,0.29959241588398
16371,2272.25,1760.0000000000002,34725.0,45450.0,0.30000360445047003
16372,2272.25,1760.0000000000002,36000.0,45350.0,0.30000360445047003
16373,2270.0,1760.0000000000002,36000.0,45300.0,0.29959241588398
16374,2279.0,1760.0000000000002,34300.0,45050.0,0.3012401484314
16375,2276.0,1760.0000000000002,34300.0,45233.3333333333,0.30069002128856
16376,2279.0,1760.0000000000002,34300.0,45350.0,0.3012401484314
16377,2276.0,1760.0000000000002,34433.3333333333,45000.0,0.30069002128856
16378,2279.0,1760.0000000000002,33950.0,45050.0,0.3012401484314
16379,2279.0,1760.0000000000002,33950.0,45200.0,0.3012401484314
16380,2279.0,1760.0000000000002,35750.0,45575.0,0.3012401484314
16381,2279.0,1760.0000000000002,35400.0,45800.0,0.3012401484314
16382,2279.0,1760.0000000000002,33400.0,45700.0,0.3012401484314
16383,2281.5,1760.0000000000002,33450.0,46175.0,0.30169926338851
16384,2281.5,1760.0000000000002,33600.0,45800.0,0.30169926338851
16385,2285.66666666667,1760.0000000000002,33400.0,45566.6666666667,0.30246582199652
16386,2289.0,1760.0000000000002,35225.0,45300.0,0.30308030107758
16387,2289.0,1760.0000000000002,33833.3333333333,45166.6666666667,0.30308030107758
16388,2286.5,1760.0000000000002,34050.0,45250.0,0.30261933900538
16389,2289.0,1760.0000000000002,33300.0,45400.0,0.30308030107758
16390,2289.0,1760.0000000000002,33720.0,45700.0,0.30308030107758
16391,2289.0,1760.0000000000002,33600.0,44866.6666666667,0.30308030107758
16392,2289.0,1760.0000000000002,33450.0,45125.0,0.30308030107758
16393,2291.75,1762.5,34275.0,45300.0,0.30402141299595
16394,2289.0,1764.9999999999998,34275.0,45525.0,0.30394553212435
16395,2289.0,1762.5,34100.0,45700.0,0.30351291360664
16396,2289.0,1764.9999999999998,34100.0,45700.0,0.30394553212435
16397,2289.0,1767.5,31850.0,45250.0,0.30437815663086
16398,2289.0,1763.33333333333,33700.0,45366.6666666667,0.3036571191138
16399,2289.0,1760.0000000000002,31466.666666666704,45733.3333333333,0.30308030107758
16400,2291.75,1760.0000000000002,29875.0,45300.0,0.30358807215622
16401,2294.5,1755.0,31225.0,45900.0,0.30322846850789
16402,2294.5,1760.0000000000002,32150.0,45825.0,0.30409659089064
16403,2292.66666666667,1753.3333333333298,31700.0,45200.0,0.30260130108766997
16404,2297.25,1752.4999999999998,31975.0,45150.0,0.30330149237304
16405,2297.25,1755.0,31075.0,44500.0,0.30373627494114996
16406,2300.0,1760.0000000000002,31350.0,44450.0,0.30511587510085003
16407,2297.25,1750.0,31350.0,44575.0,0.30286671585368
16408,2300.0,1750.0,31000.0,44900.0,0.30337380666364
16409,2300.0,1750.0,31000.0,44950.0,0.30337380666364
16410,2300.0,1746.3333333333298,31000.0,44600.0,0.3027350725668
16411,2300.0,1741.75,30875.0,44950.0,0.30193667330368
16412,2300.0,1739.0,30875.0,45500.0,0.30145764353640003
16413,2303.33333333333,1742.6666666666702,31833.333333333296,45700.0,0.30270940249238
16414,2303.33333333333,1735.6666666666702,31233.333333333296,45500.0,0.30148757583571
16415,2300.0,1731.5000000000002,30850.0,45200.0,0.30015123603659
16416,2302.0,1735.2,31750.0,45600.0,0.30116183236456
16417,2303.33333333333,1735.6666666666702,30850.0,45400.0,0.30148757583571
16418,2302.5,1736.4999999999998,30675.0,44725.0,0.30148021168416
16419,2304.0,1735.0000000000002,32125.0,44550.0,0.30149340999086
16420,2306.6666666666697,1735.6666666666702,30500.0,45025.0,0.30209922917988
16421,2305.0,1731.5000000000002,31500.0,44675.0,0.30106527027271
16422,2310.0,1729.0,31050.0,44650.0,0.30154362451471
16423,2306.6666666666697,1726.0000000000002,29700.0,44866.6666666667,0.30040858385009
16424,2306.6666666666697,1726.0000000000002,29700.0,45133.3333333333,0.30040858385009
16425,2310.0,1729.0,31050.0,45350.0,0.30154362451471
16426,2307.5,1726.7499999999998,31050.0,45500.0,0.30069204094255997
16427,2310.0,1729.0,30300.0,45466.6666666667,0.30154362451471
16428,2310.0,1729.0,31266.666666666704,44866.6666666667,0.30154362451471
16429,2307.5,1726.7499999999998,29100.0,45050.0,0.30069204094255997
16430,2310.0,1724.5,28800.0,44750.0,0.30075501402384003
16431,2310.0,1720.0,29100.0,44400.0,0.29996642343323
16432,2310.0,1720.0,30100.0,44425.0,0.29996642343323
16433,2310.0,1720.0,29200.0,44850.0,0.29996642343323
16434,2310.0,1716.66666666667,30200.0,44600.0,0.29938229508464
16435,2310.0,1710.0000000000002,29350.0,44975.0,0.29821407114262
16436,2310.0,1703.3333333333298,30200.0,45300.0,0.29704589087213
16437,2310.0,1705.0,28500.0,44875.0,0.29733793184567997
16438,2310.0,1700.0,28500.0,44850.0,0.29646181711294
16439,2310.0,1700.0,28500.0,44825.0,0.29646181711294
16440,2310.0,1700.0,28325.0,45100.0,0.29646181711294
16441,2310.0,1700.0,28866.666666666704,44966.6666666667,0.29646181711294
16442,2310.0,1700.0,27875.0,44850.0,0.29646181711294
16443,2310.0,1700.0,27975.0,44600.0,0.29646181711294
16444,2310.0,1700.0,28325.0,44700.0,0.29646181711294
16445,2310.0,1700.0,27100.0,44166.6666666667,0.29646181711294
16446,2310.0,1705.9999999999998,26800.0,44525.0,0.2975131577399
16447,2310.0,1703.3333333333298,26825.0,44750.0,0.29704589087213
16448,2310.0,1706.66666666667,26600.0,44633.3333333333,0.29762997554859
16449,2310.0,1700.0,27025.0,45350.0,0.29646181711294
16450,2310.0,1697.25,26850.0,44925.0,0.29597996448005
16451,2310.0,1689.0,27200.0,44525.0,0.2945344511618
16452,2310.0,1689.0,27400.0,44500.0,0.2945344511618
16453,2310.0,1684.0,26500.0,44600.0,0.29365841502756
16454,2310.0,1689.0,26500.0,44900.0,0.2945344511618
16455,2310.0,1696.3333333333298,26733.333333333296,44866.6666666667,0.29581934858691
16456,2307.5,1697.25,24375.0,44275.0,0.29553057508419
16457,2306.6666666666697,1700.0,26500.0,44933.3333333333,0.29586178469068997
16458,2307.5,1700.0,26350.0,44950.0,0.29601169265009
16459,2310.0,1700.0,26200.0,45200.0,0.29646181711294
16460,2307.5,1700.0,26050.0,44975.0,0.29601169265009
16461,2310.0,1700.0,25200.0,44766.6666666667,0.29646181711294
16462,2307.5,1694.5,25900.0,44350.0,0.29504946492587
16463,2307.5,1686.4999999999998,25000.0,44325.0,0.29364991385562
16464,2310.0,1694.5,24100.0,44700.0,0.29549811927734
16465,2307.5,1686.4999999999998,24825.0,45250.0,0.29364991385562
16466,2307.5,1686.4999999999998,26100.0,44800.0,0.29364991385562
16467,2307.5,1686.4999999999998,25200.0,44850.0,0.29364991385562
16468,2305.0,1686.4999999999998,24300.0,45175.0,0.29320399354414
16469,2302.5,1689.0,23975.0,44600.0,0.29319468776416
16470,2300.0,1689.0,24133.3333333333,44400.0,0.29274929166382
16471,2300.0,1686.4999999999998,23250.0,44125.0,0.29231393776999
16472,2302.5,1684.0,22475.0,43875.0,0.29232265513823
16473,2300.0,1679.0,22166.6666666667,44000.0,0.2910079124823
16474,2300.0,1679.0,19900.0,44100.0,0.2910079124823
16475,2300.0,1679.0,20625.0,43800.0,0.2910079124823
16476,2300.0,1684.0,18600.0,43975.0,0.29187858994188
16477,2300.0,1682.3333333333298,18900.0,44300.0,0.29158836142625
16478,2300.0,1674.5,18900.0,44275.0,0.29022432351217
16479,2296.33333333333,1679.0,18900.0,44000.0,0.29035963782970997
16480,2297.25,1679.0,18150.0,44400.0,0.29052158739979
16481,2297.25,1686.4999999999998,19800.0,44550.0,0.29182541989849997
16482,2294.5,1684.0,18000.0,44450.0,0.2909037326274
16483,2291.75,1689.0,19350.0,44150.0,0.2912837003305
16484,2291.75,1686.4999999999998,18850.0,44250.0,0.29085053609347
16485,2292.66666666667,1689.0,20200.0,44633.3333333333,0.29144622474755
16486,2289.0,1691.75,18750.0,44725.0,0.29127229195533
16487,2289.0,1689.0,20500.0,44500.0,0.29079660487289
16488,2289.0,1700.0,20150.0,43700.0,0.29269939665547
16489,2289.0,1700.0,19375.0,44025.0,0.29269939665547
16490,2289.0,1700.0,17175.0,43850.0,0.29269939665547
16491,2279.0,1700.0,15700.0,44025.0,0.29092256505531
16492,2282.33333333333,1706.66666666667,13933.3333333333,44600.0,0.29266235624299003
16493,2279.0,1706.66666666667,16466.6666666667,44433.3333333333,0.29206879498718996
16494,2279.0,1710.0000000000002,15000.0,44350.0,0.29264192572167
16495,2276.0,1710.0000000000002,14966.6666666667,44166.6666666667,0.29210757410717003
16496,2272.25,1707.5,15400.0,43950.0,0.29101276408547
16497,2273.0,1703.3333333333298,16066.6666666667,44100.0,0.2904320313916
16498,2270.0,1707.5,14325.0,44650.0,0.29061395577302
16499,2270.0,1710.0000000000002,15100.0,44150.0,0.2910414429973
16500,2270.0,1703.3333333333298,15333.3333333333,44166.6666666667,0.28990149006283
16501,2270.0,1702.4999999999998,15700.0,43950.0,0.28975899887029
16502,2270.0,1705.0,14475.0,44250.0,0.29018647439739
16503,2270.0,1710.0000000000002,11500.0,44375.0,0.2910414429973
16504,2265.0,1710.0000000000002,13100.0,44500.0,0.29015561455347
16505,2260.0,1710.0000000000002,14000.0,44325.0,0.28927215679657997
16506,2260.0,1710.0000000000002,16766.6666666667,44400.0,0.28927215679657997
16507,2260.0,1712.5,16875.0,43650.0,0.2896970390252
16508,2260.0,1713.33333333333,17600.0,43700.0,0.28983866771869
16509,2260.0,1717.5,16300.0,44575.0,0.29054682081603
16510,2260.0,1720.0,17000.0,44600.0,0.29097172037849
16511,2260.0,1717.5,16325.0,44375.0,0.29054682081603
16512,2260.0,1710.0000000000002,15100.0,44225.0,0.28927215679657997
16513,2260.0,1716.66666666667,14066.6666666667,44600.0,0.29040518891257
16514,2260.0,1714.9999999999998,13850.0,44625.0,0.29012192703163997
16515,2260.0,1717.5,14250.0,44300.0,0.29054682081603
16516,2260.0,1716.66666666667,13900.0,43933.3333333333,0.29040518891257
16517,2260.0,1722.25,15850.0,44150.0,0.29135413492504
16518,2255.0,1722.25,15700.0,44050.0,0.29046667145528
16519,2260.0,1720.0,14800.0,44250.0,0.29097172037849
16520,2255.0,1724.5,13900.0,44400.0,0.29084792041344004
16521,2250.0,1724.5,13900.0,44400.0,0.28996166690863
16522,2250.0,1734.0,15175.0,44375.0,0.29156650794580996
16523,2250.0,1739.0,14200.0,44500.0,0.2924111942326
16524,2250.0,1736.4999999999998,12650.0,44750.0,0.29198884823486
16525,2250.0,1739.0,12000.0,44433.3333333333,0.2924111942326
16526,2247.25,1736.4999999999998,12300.0,44300.0,0.29149900482876
16527,2244.5,1736.4999999999998,12150.0,44150.0,0.29100988397499
16528,2250.0,1739.0,11700.0,43700.0,0.2924111942326
16529,2247.25,1739.0,12600.0,44000.0,0.29192063898485
16530,2239.0,1732.3333333333298,12400.0,43966.6666666667,0.28933464380071
16531,2239.0,1731.5000000000002,12300.0,43700.0,0.2891948131839
16532,2239.0,1734.0,13800.0,43600.0,0.28961430691170004
16533,2239.0,1739.0,11600.0,44275.0,0.29045331126405
16534,2239.0,1739.0,12275.0,44150.0,0.29045331126405
16535,2239.0,1741.75,12825.0,44200.0,0.29091477326109
16536,2236.5,1739.0,12650.0,44100.0,0.29000994851912
16537,2235.66666666667,1750.0,11900.0,44233.3333333333,0.29170440852068996
16538,2239.0,1752.4999999999998,11000.0,44225.0,0.29271873555407
16539,2239.0,1760.0000000000002,12500.0,44266.6666666667,0.29397737557938003
16540,2236.5,1760.0000000000002,11600.0,44200.0,0.29352860825541
16541,2229.0,1760.0000000000002,11900.0,43800.0,0.29218591795854
16542,2229.0,1760.0000000000002,11600.0,44050.0,0.29218591795854
16543,2234.0,1760.0000000000002,10700.0,44500.0,0.29308044333928
16544,2229.0,1760.0000000000002,10700.0,43950.0,0.29218591795854
16545,2229.0,1760.0000000000002,11800.0,44066.6666666667,0.29218591795854
16546,2229.0,1767.5,10000.0,44050.0,0.29343690238112
16547,2229.0,1770.0,10000.0,44000.0,0.29385390831873
16548,2229.0,1770.0,10000.0,44275.0,0.29385390831873
16549,2229.0,1770.0,10000.0,44300.0,0.29385390831873
16550,2222.25,1767.5,9950.0,44350.0,0.29222792305431
16551,2220.0,1770.0,8700.0,44550.0,0.29224061017519
16552,2220.0,1770.0,8700.0,44450.0,0.29224061017519
16553,2220.0,1770.0,10500.0,44125.0,0.29224061017519
16554,2220.0,1770.0,10500.0,44200.0,0.29224061017519
16555,2217.5,1774.5,9050.0,44025.0,0.29253919405067
16556,2215.0,1774.5,9775.0,44125.0,0.29209189574188
16557,2217.5,1779.0,9325.0,44150.0,0.29328454968212
16558,2215.0,1779.0,8700.0,43850.0,0.2928361063692
16559,2210.0,1779.0,8700.0,44533.3333333333,0.29194102815924
16560,2213.3333333333303,1779.0,8700.0,44366.6666666667,0.29253747922409
16561,2212.5,1781.5000000000002,7000.0,43875.0,0.29280108882859
16562,2210.0,1782.3333333333298,8933.33333333333,44100.0,0.29249061380269
16563,2210.0,1786.4999999999998,9175.0,43800.0,0.2931776094509
16564,2210.0,1789.0,8100.0,43700.0,0.2935898140901
16565,2210.0,1789.0,8100.0,44625.0,0.2935898140901
16566,2210.0,1794.5,7650.0,44525.0,0.29449668343767
16567,2205.0,1794.5,6300.0,44350.0,0.29359616064575
16568,2206.6666666666697,1796.3333333333298,8233.33333333333,44166.6666666667,0.29419774168517
16569,2202.5,1791.75,7750.0,44550.0,0.29269545817318
16570,2200.0,1797.25,7750.0,44650.0,0.29314872240085
16571,2200.0,1800.0,7850.0,44525.0,0.29359939106492
16572,2200.0,1800.0,7400.0,44600.0,0.29359939106492
16573,2196.33333333333,1800.0,7400.0,44300.0,0.29294028756061
16574,2197.25,1805.0,7400.0,44050.0,0.29392296909082
16575,2197.25,1802.4999999999998,6975.0,44100.0,0.29351395253334
16576,2189.0,1810.0000000000002,5700.0,43933.3333333333,0.29325376584144996
16577,2189.0,1810.0000000000002,6975.0,43700.0,0.29325376584144996
16578,2189.0,1810.0000000000002,6800.0,43800.0,0.29325376584144996
16579,2189.0,1810.0000000000002,6800.0,44600.0,0.29325376584144996
16580,2189.0,1810.0000000000002,6440.000000000001,44200.0,0.29325376584144996
16581,2185.66666666667,1816.66666666667,6200.0,44200.0,0.29373773880267
16582,2186.5,1817.5,6800.0,43750.0,0.2940234013662
16583,2186.5,1820.0,6800.0,44100.0,0.29442974963269
16584,2182.33333333333,1823.0,5000.0,44133.3333333333,0.29416433715381995
16585,2184.0,1824.5,5725.0,44050.0,0.29470878876122
16586,2179.0,1820.0,6450.0,44250.0,0.29307775015886
16587,2179.0,1820.0,6450.0,43650.0,0.29307775015886
16588,2179.0,1829.0,5200.0,44200.0,0.29453389849752
16589,2174.5,1829.0,5450.0,44000.0,0.29372128614608
16590,2174.5,1831.5000000000002,6200.0,43850.0,0.2941246625864
16591,2174.5,1834.0,6200.0,44200.0,0.29452804423408
16592,2170.0,1839.0,4400.0,44200.0,0.29451970921953996
16593,2170.0,1839.0,5100.0,44150.0,0.29451970921953996
16594,2170.0,1839.0,6266.66666666667,44200.0,0.29451970921953996
16595,2170.0,1839.0,5800.0,44175.0,0.29451970921953996
16596,2166.66666666667,1842.6666666666702,4400.0,44066.6666666667,0.29450599531983
16597,2170.0,1847.25,4400.0,44250.0,0.29584724843125
16598,2165.0,1844.5,4400.0,44300.0,0.29449864101421996
16599,2160.0,1850.0,5100.0,44250.0,0.29447459587245
16600,2160.0,1850.0,5375.0,44650.0,0.29447459587245
16601,2160.0,1850.0,4533.33333333333,44200.0,0.29447459587245
16602,2160.0,1852.4999999999998,4775.0,44250.0,0.29487442104168
16603,2160.0,1857.5,5500.0,44050.0,0.29567408672827
16604,2156.6666666666697,1860.0000000000002,5500.0,44000.0,0.29546775569599
16605,2155.0,1864.9999999999998,5050.0,43925.0,0.29596230949027
16606,2150.0,1860.0000000000002,3700.0,44200.0,0.29425868694484003
16607,2150.0,1870.0,3700.0,44200.0,0.29584824769622
16608,2150.0,1870.0,3700.0,43875.0,0.29584824769622
16609,2150.0,1870.0,3700.0,43900.0,0.29584824769622
16610,2150.0,1876.7499999999998,3700.0,44075.0,0.29692124691645
16611,2150.0,1879.0,3700.0,44000.0,0.297278921511
16612,2150.0,1879.0,3700.0,43950.0,0.297278921511
16613,2144.5,1881.5000000000002,3700.0,44000.0,0.29667053761862
16614,2139.0,1879.0,3700.0,43900.0,0.29527299714967997
16615,2139.0,1881.5000000000002,4375.0,43900.0,0.29566772383602
16616,2139.0,1889.0,3350.0,43675.0,0.29685193381324
16617,2139.0,1889.0,3833.33333333333,44033.3333333333,0.29685193381324
16618,2136.5,1889.0,3350.0,44075.0,0.29639526574520003
16619,2136.5,1889.0,3350.0,44325.0,0.29639526574520003
16620,2129.0,1889.0,4800.0,44400.0,0.29502896794235
16621,2129.0,1894.5,3350.0,43575.0,0.29589205872467
16622,2129.0,1900.0,4075.0,43650.0,0.29675517334684
16623,2132.33333333333,1903.3333333333298,4800.0,44033.3333333333,0.29788948899947
16624,2129.0,1910.0000000000002,4800.0,43900.0,0.29832453374038
16625,2129.0,1910.0000000000002,4800.0,43800.0,0.29832453374038
16626,2129.0,1910.0000000000002,4233.33333333333,43766.6666666667,0.29832453374038
16627,2127.2,1916.0,3950.0,43975.0,0.29893438200256
16628,2126.0,1916.66666666667,4075.0,43775.0,0.29881779378685003
16629,2122.25,1920.0,3225.0,43975.0,0.29864875058749996
16630,2120.0,1920.0,3650.0,43750.0,0.2982346887216
16631,2120.0,1920.0,3100.0,43566.6666666667,0.2982346887216
16632,2120.0,1926.7499999999998,3700.0,43575.0,0.29928821503474
16633,2120.0,1929.0,1900.0,44300.0,0.29963939836547004
16634,2120.0,1929.0,3100.0,44025.0,0.29963939836547004
16635,2115.0,1934.0,3100.0,43950.0,0.29949472980969
16636,2120.0,1939.0,2200.0,43350.0,0.30120026091886
16637,2110.0,1939.0,1975.0,43350.0,0.29934776556324
16638,2110.0,1944.5,2650.0,43950.0,0.30020096769189003
16639,2112.5,1950.0,1900.0,43900.0,0.30151902179904
16640,2110.0,1950.0,2400.0,43500.0,0.30105419311563
16641,2110.0,1955.0,2400.0,43700.0,0.3018298728073
16642,2107.5,1957.5,2400.0,43600.0,0.3017517192379
16643,2103.33333333333,1950.0,2400.0,43800.0,0.29981773168505
16644,2107.5,1957.5,2400.0,44125.0,0.3017517192379
16645,2103.33333333333,1960.0000000000002,2400.0,44033.3333333333,0.30136270792335
16646,2100.0,1960.0000000000002,2400.0,43800.0,0.300742962468
16647,2100.0,1967.5,2400.0,43600.0,0.30189935025409004
16648,2100.0,1966.0,2400.0,44025.0,0.30166806927361
16649,2100.0,1979.0,2400.0,44400.0,0.30367256130464004
16650,2100.0,1979.0,1200.0,44400.0,0.30367256130464004
16651,2094.5,1979.0,600.0,43720.0,0.30264244800489004
16652,2089.0,1979.0,600.0,43950.0,0.30161541160387
16653,2091.75,1984.0,600.0,43350.0,0.30289559930468
16654,2089.0,1984.0,600.0,43925.0,0.30238115615878003
16655,2089.0,1986.4999999999998,600.0,44375.0,0.30276403547247
16656,2085.66666666667,1982.3333333333298,600.0,44600.0,0.30150389767497
16657,2089.0,1994.5,1150.0,43700.0,0.30398928079983
16658,2086.5,1994.5,1350.0,43575.0,0.30351977704683003
16659,2089.0,2000.0,1000.0,43800.0,0.30483166482805
16660,2085.66666666667,2000.0,933.333333333333,44133.3333333333,0.30420405896214997
16661,2085.66666666667,2000.0,933.333333333333,44433.3333333333,0.30420405896214997
16662,2081.5,1997.25,700.0,43850.0,0.30300191487321
16663,2081.5,2000.0,700.0,43875.0,0.30342115132986003
16664,2079.0,2000.0,700.0,44150.0,0.30295225859519
16665,2079.0,2000.0,1050.0,43875.0,0.30295225859519
16666,2079.0,2000.0,1400.0,43733.3333333333,0.30295225859519
16667,2079.0,2000.0,1400.0,43875.0,0.30295225859519
16668,2079.0,2007.5,1050.0,44000.0,0.30409388378089
16669,2079.0,2014.9999999999998,1400.0,44050.0,0.30523555067124
16670,2079.0,2014.9999999999998,1400.0,44100.0,0.30523555067124
16671,2079.0,2020.0,1400.0,43933.3333333333,0.30599668510186
16672,2072.25,2024.5,1400.0,43675.0,0.30540327425971003
16673,2072.25,2029.0,1400.0,43575.0,0.3060854563889
16674,2072.25,2024.5,1400.0,43675.0,0.30540327425971003
16675,2070.0,2036.4999999999998,1400.0,43750.0,0.30679480970216
16676,2070.0,2039.0,1400.0,44075.0,0.30717328982604
16677,2070.0,2039.0,1400.0,44100.0,0.30717328982604
16678,2070.0,2050.0,1400.0,43375.0,0.30883865682350997
16679,2070.0,2050.0,1400.0,43800.0,0.30883865682350997
16680,2070.0,2052.5,1400.0,44275.0,0.30921716169895
16681,2066.66666666667,2049.66666666667,1400.0,44100.0,0.3081514671565
16682,2070.0,2057.5,1400.0,43650.0,0.30997418520159997
16683,2070.0,2060.0,1400.0,43500.0,0.31035270382897
16684,2070.0,2060.0,466.66666666666697,44100.0,0.31035270382897
16685,2070.0,2060.0,0.0,44300.0,0.31035270382897
16686,2070.0,2065.0,0.0,43900.0,0.3111097548362
16687,2063.3333333333303,2063.3333333333303,0.0,43800.0,0.309576545382
16688,2070.0,2070.0,0.0,43650.0,0.31186682418066003
16689,2060.0,2063.3333333333303,0.0,43766.6666666667,0.30893786119537003
16690,2060.0,2070.0,0.0,43800.0,0.309941018839
16691,2070.0,2070.0,0.0,44300.0,0.31186682418066003
16692,2060.0,2070.0,0.0,43900.0,0.309941018839
16693,2060.0,2070.0,0.0,43900.0,0.309941018839
16694,2060.0,2070.0,0.0,44000.0,0.309941018839
16695,2060.0,2074.5,0.0,43950.0,0.31061816845046997
16696,2060.0,2079.0,0.0,43166.6666666667,0.31129533273278004
16697,2060.0,2079.0,0.0,43450.0,0.31129533273278004
16698,2060.0,2089.0,0.0,43700.0,0.31280019477664
16699,2060.0,2089.0,0.0,44150.0,0.31280019477664
16700,2055.0,2089.0,0.0,43100.0,0.31183233419541
16701,2060.0,2089.0,0.0,43700.0,0.31280019477664
16702,2060.0,2096.33333333333,0.0,43366.6666666667,0.31390380632509
16703,2060.0,2103.33333333333,0.0,43966.6666666667,0.31495729006298
16704,2060.0,2105.0,0.0,43950.0,0.31520812475779997
16705,2050.0,2100.0,0.0,44000.0,0.31251226202272
16706,2050.0,2100.0,0.0,43600.0,0.31251226202272
16707,2060.0,2100.0,0.0,43500.0,0.31445562671195
16708,2050.0,2115.0,0.0,44000.0,0.3147557884055
16709,2050.0,2110.0,0.0,43800.0,0.31400792838513003
16710,2050.0,2110.0,0.0,43500.0,0.31400792838513003
16711,2055.0,2110.0,0.0,43500.0,0.31498295207114996
16712,2050.0,2110.0,0.0,43400.0,0.31400792838513003
16713,2050.0,2120.0,0.0,43600.0,0.3155036663195
16714,2050.0,2124.5,0.0,43950.0,0.31617677174167996
16715,2050.0,2126.0,0.0,44133.3333333333,0.3164011434368
16716,2050.0,2124.5,0.0,44200.0,0.31617677174167996
16717,2050.0,2129.0,0.0,43550.0,0.3168498916587
16718,2050.0,2129.0,0.0,43650.0,0.3168498916587
16719,2050.0,2129.0,0.0,44166.6666666667,0.3168498916587
16720,2050.0,2129.0,0.0,44200.0,0.3168498916587
16721,2050.0,2139.0,0.0,44000.0,0.31834576559393996
16722,2050.0,2139.0,0.0,43725.0,0.31834576559393996
16723,2050.0,2139.0,0.0,43700.0,0.31834576559393996
16724,2050.0,2144.5,0.0,43550.0,0.31916852677189
16725,2050.0,2139.0,0.0,43350.0,0.31834576559393996
16726,2050.0,2139.0,0.0,43600.0,0.31834576559393996
16727,2050.0,2139.0,0.0,43900.0,0.31834576559393996
16728,2050.0,2149.5,0.0,43850.0,0.31991651027138
16729,2050.0,2155.0,0.0,43550.0,0.32073931279312
16730,2046.3333333333298,2156.6666666666697,0.0,43866.6666666667,0.32025938479296
16731,2047.25,2162.5,0.0,44250.0,0.32131276935157
16732,2050.0,2160.0,0.0,43750.0,0.32148733387929
16733,2050.0,2160.0,0.0,43500.0,0.32148733387929
16734,2039.0,2160.0,0.0,43400.0,0.31930050192438003
16735,2039.0,2160.0,0.0,43800.0,0.31930050192438003
16736,2039.0,2163.3333333333303,0.0,43100.0,0.31979578303107
16737,2039.0,2170.0,0.0,43000.0,0.32078636878668
16738,2039.0,2176.0,0.0,43666.6666666667,0.32167792280588
16739,2039.0,2176.0,0.0,43933.3333333333,0.32167792280588
16740,2050.0,2189.0,0.0,43700.0,0.32582620917575
16741,2039.0,2179.0,0.0,44350.0,0.3221237093508
16742,2039.0,2189.0,0.0,43500.0,0.32360971041341
16743,2039.0,2189.0,0.0,43400.0,0.32360971041341
16744,2039.0,2189.0,0.0,43766.6666666667,0.32360971041341
16745,2039.0,2200.0,0.0,44150.0,0.32524439317056997
16746,2039.0,2200.0,0.0,43300.0,0.32524439317056997
16747,2039.0,2200.0,0.0,43333.3333333333,0.32524439317056997
16748,2039.0,2200.0,0.0,43300.0,0.32524439317056997
16749,2039.0,2200.0,0.0,43200.0,0.32524439317056997
16750,2039.0,2210.0,0.0,43900.0,0.32673054258099
16751,2039.0,2205.0,0.0,44100.0,0.32598745904489
16752,2039.0,2210.0,0.0,44250.0,0.32673054258099
16753,2039.0,2210.0,0.0,44450.0,0.32673054258099
16754,2039.0,2210.0,0.0,44000.0,0.32673054258099
16755,2039.0,2220.0,0.0,43300.0,0.32821676264105004
16756,2039.0,2220.0,0.0,43600.0,0.32821676264105004
16757,2039.0,2220.0,0.0,44100.0,0.32821676264105004
16758,2039.0,2224.5,0.0,43300.0,0.32888558471885
16759,2035.6666666666702,2229.0,0.0,43433.3333333333,0.32887302747099
16760,2034.0,2229.0,0.0,43400.0,0.32853279634079
16761,2034.0,2234.0,0.0,43700.0,0.32927364869499004
16762,2029.0,2234.0,0.0,43850.0,0.32825250556579
16763,2029.0,2229.0,0.0,43900.0,0.32751396277615
16764,2039.0,2239.0,0.0,43200.0,0.33104077541291
16765,2034.0,2244.5,0.0,44200.0,0.33082949578363
16766,2029.0,2250.0,0.0,43933.3333333333,0.33061595973803
16767,2029.0,2250.0,0.0,43200.0,0.33061595973803
16768,2029.0,2260.0,0.0,43400.0,0.33209320932795
16769,2029.0,2260.0,0.0,43400.0,0.33209320932795
16770,2029.0,2265.0,0.0,43500.0,0.33283186029759
16771,2029.0,2270.0,0.0,43700.0,0.33357052871784
16772,2029.0,2270.0,0.0,43700.0,0.33357052871784
16773,2029.0,2270.0,0.0,43700.0,0.33357052871784
16774,2029.0,2270.0,0.0,43600.0,0.33357052871784
16775,2029.0,2274.5,0.0,43800.0,0.33423534521686
16776,2029.0,2279.0,0.0,42800.0,0.33490017585181997
16777,2029.0,2279.0,0.0,43300.0,0.33490017585181997
16778,2029.0,2279.0,0.0,43500.0,0.33490017585181997
16779,2029.0,2289.0,0.0,43950.0,0.33637762787531
16780,2029.0,2289.0,0.0,43850.0,0.33637762787531
16781,2029.0,2289.0,0.0,44000.0,0.33637762787531
16782,2029.0,2300.0,0.0,43800.0,0.33800290573687997
16783,2020.0,2289.0,0.0,43700.0,0.33450103391961
16784,2029.0,2300.0,0.0,43550.0,0.33800290573687997
16785,2024.5,2297.25,0.0,43600.0,0.33665370231708003
16786,2026.0000000000002,2299.66666666667,0.0,43525.0,0.33732414275126
16787,2020.0,2300.0,0.0,43200.0,0.33611719589694
16788,2024.5,2305.0,0.0,43600.0,0.33779560481055004
16789,2024.5,2305.0,0.0,44100.0,0.33779560481055004
16790,2020.0,2300.0,0.0,43700.0,0.33611719589694
16791,2020.0,2310.0,0.0,43800.0,0.33758650655085
16792,2020.0,2310.0,0.0,43600.0,0.33758650655085
16793,2020.0,2323.0,0.0,43800.0,0.33949671362495
16794,2020.0,2320.0,0.0,43500.0,0.33905588625044003
16795,2020.0,2329.0,0.0,44100.0,0.34037838701815
16796,2020.0,2329.0,0.0,43600.0,0.34037838701815
16797,2010.0000000000002,2329.0,0.0,43450.0,0.33826746463276
16798,2014.9999999999998,2329.0,0.0,43800.0,0.33932147916362
16799,2014.9999999999998,2329.0,0.0,43900.0,0.33932147916362
16800,2020.0,2335.66666666667,0.0,44000.0,0.34135805327828
16801,2014.9999999999998,2329.0,0.0,44150.0,0.33932147916362
16802,2014.9999999999998,2334.0,0.0,43950.0,0.34005393211623003
16803,2020.0,2339.0,0.0,43900.0,0.34184789791795
16804,2010.0000000000002,2334.0,0.0,43650.0,0.33899763007675
16805,2020.0,2334.0,0.0,43300.0,0.34111313383588
16806,2010.0000000000002,2339.0,0.0,43900.0,0.33972781257103
16807,2020.0,2346.33333333333,0.0,43933.3333333333,0.34292558313553
16808,2020.0,2344.5,0.0,43500.0,0.34265615834927
16809,2014.9999999999998,2355.0,0.0,43850.0,0.34313042187866
16810,2014.9999999999998,2350.0,0.0,44100.0,0.3423978968626
16811,2014.9999999999998,2360.0,0.0,44100.0,0.34386296405426003
16812,2014.9999999999998,2365.0,0.0,44200.0,0.34459552339
16813,2014.9999999999998,2365.0,0.0,44000.0,0.34459552339
16814,2014.9999999999998,2360.0,0.0,44000.0,0.34386296405426003
16815,2020.0,2374.5,0.0,44400.0,0.34706521938987
16816,2020.0,2370.0,0.0,44300.0,0.34640382060401
16817,2014.9999999999998,2370.0,0.0,44150.0,0.34532809988647
16818,2020.0,2370.0,0.0,44050.0,0.34640382060401
16819,2014.9999999999998,2389.5,0.0,44000.0,0.34818531220492
16820,2014.9999999999998,2400.0,0.0,44200.0,0.34972391927462
16821,2010.0000000000002,2405.0,0.0,43450.0,0.34936781973234
16822,2013.33333333333,2403.33333333333,0.0,43766.6666666667,0.34984937243374
16823,2010.0000000000002,2406.6666666666697,0.0,44166.6666666667,0.34961129272784
16824,2010.0000000000002,2400.0,0.0,43600.0,0.34863741211824
16825,2010.0000000000002,2415.0,0.0,44000.0,0.35082868613744
16826,2010.0000000000002,2410.0,0.0,44500.0,0.35009824440520004
16827,2010.0000000000002,2410.0,0.0,44100.0,0.35009824440520004
16828,2010.0000000000002,2420.0,0.0,44300.0,0.35155914492964
16829,2010.0000000000002,2410.0,0.0,43850.0,0.35009824440520004
16830,2020.0,2410.0,0.0,43900.0,0.35228341140576
16831,2010.0000000000002,2400.0,0.0,44400.0,0.34863741211824
16832,2010.0000000000002,2405.0,0.0,43850.0,0.34936781973234
16833,2010.0000000000002,2420.0,0.0,43900.0,0.35155914492964
16834,2010.0000000000002,2415.0,0.0,43700.0,0.35082868613744
16835,2010.0000000000002,2420.0,0.0,43533.3333333333,0.35155914492964
16836,2010.0000000000002,2420.0,0.0,44000.0,0.35155914492964
16837,2010.0000000000002,2420.0,0.0,43500.0,0.35155914492964
16838,2005.0,2420.0,0.0,44000.0,0.35046648304093997
16839,2010.0000000000002,2424.5,0.0,43950.0,0.35221657242939
16840,2010.0000000000002,2424.5,0.0,44500.0,0.35221657242939
16841,2005.0,2424.5,0.0,44200.0,0.35112185575620003
16842,2006.66666666667,2429.0,0.0,44100.0,0.35214249833239003
16843,2000.0,2432.33333333333,0.0,44150.0,0.35116743932598
16844,2010.0000000000002,2439.0,0.0,44000.0,0.35433504393747
16845,2006.66666666667,2446.33333333333,0.0,43933.3333333333,0.35466971435231
16846,2010.0000000000002,2450.0,0.0,44600.0,0.35594225597567003
16847,2000.0,2444.5,0.0,44500.0,0.35293396542768
16848,2000.0,2450.0,0.0,44400.0,0.35373256476956
16849,2010.0000000000002,2460.0,0.0,44500.0,0.35740342949787
16850,2000.0,2450.0,0.0,44350.0,0.35373256476956
16851,2000.0,2450.0,0.0,44400.0,0.35373256476956
16852,2010.0000000000002,2470.0,0.0,44300.0,0.35886467128145
16853,2000.0,2460.0,0.0,44300.0,0.35518461581581
16854,2000.0,2470.0,0.0,44300.0,0.35663673427614
16855,2000.0,2470.0,0.0,44200.0,0.35663673427614
16856,2000.0,2470.0,0.0,44700.0,0.35663673427614
16857,2000.0,2474.5,0.0,44150.0,0.35729020957839003
16858,2000.0,2479.0,0.0,44166.6666666667,0.35794369853336
16859,2000.0,2489.0,0.0,43400.0,0.35939594509338
16860,2000.0,2489.0,0.0,43900.0,0.35939594509338
16861,2000.0,2489.0,0.0,44000.0,0.35939594509338
16862,2000.0,2494.5,0.0,43900.0,0.36019470944214
16863,2000.0,2500.0,0.0,43700.0,0.36099349418857
16864,2000.0,2500.0,0.0,44200.0,0.36099349418857
16865,2000.0,2506.6666666666697,0.0,44633.3333333333,0.36196174547147
16866,2000.0,2502.5,0.0,44200.0,0.36135658490745
16867,2000.0,2510.0,0.0,44050.0,0.36244588235217
16868,2000.0,2505.0,0.0,44100.0,0.36171967984097
16869,2000.0,2500.0,0.0,44300.0,0.36099349418857
16870,2000.0,2500.0,0.0,44166.6666666667,0.36099349418857
16871,2000.0,2500.0,0.0,43850.0,0.36099349418857
16872,2000.0,2500.0,0.0,44300.0,0.36099349418857
16873,2002.4999999999998,2502.5,0.0,44050.0,0.36191982144715
16874,2002.4999999999998,2505.0,0.0,44125.0,0.36228348560403
16875,2005.0,2510.0,0.0,44350.0,0.36357654720019
16876,2000.0,2500.0,0.0,44550.0,0.36099349418857
16877,2000.0,2510.0,0.0,44700.0,0.36244588235217
16878,2000.0,2510.0,0.0,44500.0,0.36244588235217
16879,2000.0,2506.6666666666697,0.0,44300.0,0.36196174547147
16880,2010.0000000000002,2520.0,0.0,44400.0,0.36617190428774
16881,2000.0,2513.3333333333303,0.0,44533.3333333333,0.36293002672593
16882,2005.0,2515.0,0.0,44300.0,0.36430504523398
16883,2000.0,2520.0,0.0,44050.0,0.36389833795333
16884,2000.0,2520.0,0.0,44050.0,0.36389833795333
16885,2000.0,2520.0,0.0,43900.0,0.36389833795333
16886,2003.3333333333298,2523.0,0.0,44700.0,0.36509146725783
16887,2000.0,2520.0,0.0,44700.0,0.36389833795333
16888,2000.0,2529.0,0.0,44200.0,0.36520560565738003
16889,2000.0,2526.75,0.0,43900.0,0.36487878360978
16890,2000.0,2529.0,0.0,44000.0,0.36520560565738003
16891,2000.0,2534.0,0.0,44000.0,0.36593188909901
16892,2003.3333333333298,2535.66666666667,0.0,44200.0,0.36693521402404
16893,2000.0,2534.0,0.0,44000.0,0.36593188909901
16894,2000.0,2539.0,0.0,43950.0,0.36665818940284
16895,2000.0,2544.5,0.0,43950.0,0.36745713921362
16896,2000.0,2550.0,0.0,44000.0,0.36825610942915
16897,2000.0,2555.0,0.0,44100.0,0.36898246369599996
16898,2000.0,2560.0,0.0,44300.0,0.36970883482753
16899,2000.0,2565.0,0.0,44200.0,0.37043522282432
16900,2000.0,2570.0,0.0,44500.0,0.37116162768695
16901,2000.0,2565.0,0.0,44100.0,0.37043522282432
16902,2000.0,2570.0,0.0,43950.0,0.37116162768695
16903,1994.5,2574.5,0.0,44000.0,0.37054300860635997
16904,2000.0,2584.0,0.0,43400.0,0.37319565103366
16905,2000.0,2589.0,0.0,44000.0,0.37392211999187996
16906,2000.0,2589.0,0.0,44300.0,0.37392211999187996
16907,1994.5,2589.0,0.0,44250.0,0.37264246974706
16908,1989.0,2589.0,0.0,44100.0,0.37136668365
16909,1994.5,2589.0,0.0,44300.0,0.37264246974706
16910,1992.6666666666702,2596.33333333333,0.0,44433.3333333333,0.37327740869937
16911,1992.6666666666702,2600.0,0.0,44633.3333333333,0.37380773710143
16912,1989.0,2610.0,0.0,43600.0,0.37439705933456
16913,1989.0,2610.0,0.0,43850.0,0.37439705933456
16914,2000.0,2610.0,0.0,43600.0,0.37697347382913
16915,1989.0,2610.0,0.0,44300.0,0.37439705933456
16916,1989.0,2610.0,0.0,44550.0,0.37439705933456
16917,1989.0,2610.0,0.0,44550.0,0.37439705933456
16918,1989.0,2620.0,0.0,44133.3333333333,0.37584019854411
16919,1989.0,2620.0,0.0,44000.0,0.37584019854411
16920,1989.0,2624.5,0.0,43850.0,0.37648963290566
16921,1989.0,2624.5,0.0,44350.0,0.37648963290566
16922,1989.0,2620.0,0.0,44100.0,0.37584019854411
16923,1989.0,2629.0,0.0,43900.0,0.37713908074747
16924,1989.0,2629.0,0.0,44050.0,0.37713908074747
16925,1989.0,2629.0,0.0,44400.0,0.37713908074747
16926,1989.0,2629.0,0.0,43900.0,0.37713908074747
16927,1989.0,2629.0,0.0,43800.0,0.37713908074747
16928,1989.0,2629.0,0.0,43800.0,0.37713908074747
16929,1989.0,2639.0,0.0,44000.0,0.3785823464385
16930,1989.0,2639.0,0.0,44300.0,0.3785823464385
16931,1979.0,2639.0,0.0,43500.0,0.37622745418962
16932,1989.0,2660.0,0.0,43900.0,0.38161342109962
16933,1989.0,2660.0,0.0,43800.0,0.38161342109962
16934,1982.3333333333298,2660.0,0.0,44033.3333333333,0.38002939567611
16935,1979.0,2650.0,0.0,43800.0,0.37780518795851
16936,1982.3333333333298,2660.0,0.0,44066.6666666667,0.38002939567611
16937,1989.0,2660.0,0.0,43533.3333333333,0.38161342109962
16938,1984.0,2660.0,0.0,43700.0,0.38042485723565
16939,1989.0,2660.0,0.0,43800.0,0.38161342109962
16940,1989.0,2660.0,0.0,44100.0,0.38161342109962
16941,1989.0,2655.0,0.0,44200.0,0.38089171002387
16942,1989.0,2660.0,0.0,44150.0,0.38161342109962
16943,1989.0,2660.0,0.0,44050.0,0.38161342109962
16944,1989.0,2660.0,0.0,44366.6666666667,0.38161342109962
16945,1989.0,2670.0,0.0,44100.0,0.38305689319086
16946,1989.0,2679.0,0.0,44000.0,0.38435607500742
16947,1989.0,2684.0,0.0,42950.0,0.38507786599108
16948,1989.0,2670.0,0.0,43300.0,0.38305689319086
16949,1989.0,2667.5,0.0,44300.0,0.3826960189254
16950,1989.0,2670.0,0.0,43875.0,0.38305689319086
16951,1989.0,2670.0,0.0,44100.0,0.38305689319086
16952,1989.0,2679.0,0.0,44300.0,0.38435607500742
16953,1989.0,2670.0,0.0,43866.6666666667,0.38305689319086
16954,1989.0,2679.0,0.0,43700.0,0.38435607500742
16955,1989.0,2679.0,0.0,43800.0,0.38435607500742
16956,1989.0,2679.0,0.0,43750.0,0.38435607500742
16957,1989.0,2684.0,0.0,44500.0,0.38507786599108
16958,1989.0,2689.0,0.0,44300.0,0.38579967362389
16959,1989.0,2689.33333333333,0.0,44066.6666666667,0.38584779472473
16960,1989.0,2694.5,0.0,44150.0,0.38659368125044
16961,1989.0,2700.0,0.0,44250.0,0.38738770902393
16962,1989.0,2700.0,0.0,44050.0,0.38738770902393
16963,1989.0,2710.0,0.0,43800.0,0.38883144750345
16964,1989.0,2710.0,0.0,43800.0,0.38883144750345
16965,1989.0,2710.0,0.0,43850.0,0.38883144750345
16966,1979.0,2710.0,0.0,44100.0,0.38641240920606
16967,1989.0,2720.0,0.0,44400.0,0.39027525259155
16968,1989.0,2724.5,0.0,44150.0,0.39092498661348
16969,1989.0,2729.0,0.0,43800.0,0.39157473412500005
16970,1989.0,2729.0,0.0,44100.0,0.39157473412500005
16971,1979.0,2720.0,0.0,44050.0,0.38784717628372
16972,1979.0,2723.0,0.0,44300.0,0.38827761923476
16973,1979.0,2729.0,0.0,44200.0,0.38913852289912
16974,1979.0,2729.0,0.0,44600.0,0.38913852289912
16975,1979.0,2729.0,0.0,44400.0,0.38913852289912
16976,1979.0,2729.0,0.0,43800.0,0.38913852289912
16977,1979.0,2729.0,0.0,43800.0,0.38913852289912
16978,1979.0,2729.0,0.0,43700.0,0.38913852289912
16979,1979.0,2735.66666666667,0.0,43700.0,0.39009511030356003
16980,1979.0,2739.0,0.0,44350.0,0.39057341497094
16981,1979.0,2750.0,0.0,44400.0,0.39215187224098996
16982,1979.0,2739.0,0.0,44200.0,0.39057341497094
16983,1979.0,2750.0,0.0,44000.0,0.39215187224098996
16984,1979.0,2750.0,0.0,44100.0,0.39215187224098996
16985,1979.0,2750.0,0.0,44366.6666666667,0.39215187224098996
16986,1979.0,2750.0,0.0,43833.3333333333,0.39215187224098996
16987,1979.0,2750.0,0.0,44400.0,0.39215187224098996
16988,1979.0,2750.0,0.0,44450.0,0.39215187224098996
16989,1979.0,2760.0,0.0,44000.0,0.39358690248326
16990,1979.0,2765.0,0.0,44100.0,0.39430444228004
16991,1979.0,2770.0,0.0,43650.0,0.39502199852801
16992,1974.5,2770.0,0.0,43500.0,0.39391346098832
16993,1979.0,2770.0,0.0,44200.0,0.39502199852801
16994,1979.0,2770.0,0.0,44300.0,0.39502199852801
16995,1979.0,2779.0,0.0,44100.0,0.39631364123312
16996,1970.0,2779.0,0.0,43900.0,0.39409202643243996
16997,1970.0,2784.0,0.0,43700.0,0.39480558071287
16998,1970.0,2789.0,0.0,44000.0,0.39551915126209
16999,1973.0,2796.33333333333,0.0,43900.0,0.39730973489549
17000,1979.0,2800.0,0.0,43800.0,0.39932768152229003
17001,1970.0,2794.5,0.0,43800.0,0.39630409765736996
17002,1974.5,2794.5,0.0,44300.0,0.39741979419703
17003,1979.0,2779.0,0.0,43900.0,0.39631364123312
17004,1974.5,2779.0,0.0,44100.0,0.39520145611305
17005,1979.0,2779.0,0.0,43750.0,0.39631364123312
17006,1979.0,2779.0,0.0,43950.0,0.39631364123312
17007,1979.0,2779.0,0.0,43550.0,0.39631364123312
17008,1979.0,2779.0,0.0,43800.0,0.39631364123312
17009,1979.0,2779.0,0.0,43700.0,0.39631364123312
17010,1979.0,2779.0,0.0,43466.6666666667,0.39631364123312
17011,1979.0,2779.0,0.0,43900.0,0.39631364123312
17012,1979.0,2779.0,0.0,43800.0,0.39631364123312
17013,1979.0,2784.0,0.0,44150.0,0.39703124354741
17014,1979.0,2779.0,0.0,43950.0,0.39631364123312
17015,1979.0,2794.5,0.0,43600.0,0.39853826196367
17016,1979.0,2805.0,0.0,43350.0,0.40004535294438
17017,1979.0,2805.0,0.0,43300.0,0.40004535294438
17018,1979.0,2815.0,0.0,43350.0,0.40148074515624
17019,1979.0,2803.33333333333,0.0,43166.6666666667,0.39980612730862997
17020,1979.0,2810.0,0.0,43150.0,0.40076304082217
17021,1979.0,2820.0,0.0,43050.0,0.40219846594715003
17022,1976.0000000000002,2823.0,0.0,43500.0,0.40187544685027005
17023,1970.0,2829.0,0.0,43800.0,0.40122830139963
17024,1974.5,2834.0,0.0,43950.0,0.40307368931449
17025,1970.0,2839.0,0.0,44050.0,0.40265575166101003
17026,1970.0,2839.0,0.0,43550.0,0.40265575166101003
17027,1970.0,2839.0,0.0,43550.0,0.40265575166101003
17028,1970.0,2844.5,0.0,43850.0,0.40344087705323
17029,1970.0,2850.0,0.0,43700.0,0.40422602213886
17030,1970.0,2850.0,0.0,43050.0,0.40422602213886
17031,1970.0,2850.0,0.0,43350.0,0.40422602213886
17032,1970.0,2844.5,0.0,43750.0,0.40344087705323
17033,1970.0,2850.0,0.0,43650.0,0.40422602213886
17034,1970.0,2850.0,0.0,43900.0,0.40422602213886
17035,1970.0,2850.0,0.0,43700.0,0.40422602213886
17036,1970.0,2850.0,0.0,44050.0,0.40422602213886
17037,1970.0,2853.33333333333,0.0,44133.3333333333,0.40470187723009
17038,1970.0,2856.6666666666697,0.0,43966.6666666667,0.40517773955534003
17039,1970.0,2860.0,0.0,44000.0,0.40565360911476
17040,1964.9999999999998,2860.0,0.0,43950.0,0.40438783151700003
17041,1970.0,2865.0,0.0,43600.0,0.40636742701833
17042,1964.9999999999998,2865.0,0.0,43850.0,0.40509940765284
17043,1964.9999999999998,2865.0,0.0,44050.0,0.40509940765284
17044,1970.0,2870.0,0.0,43750.0,0.40708126119972005
17045,1960.0000000000002,2860.0,0.0,43500.0,0.40312554177744003
17046,1970.0,2870.0,0.0,43550.0,0.40708126119972005
17047,1970.0,2870.0,0.0,44000.0,0.40708126119972005
17048,1960.0000000000002,2860.0,0.0,43800.0,0.40312554177744003
17049,1966.66666666667,2873.0,0.0,43966.6666666667,0.40666144215512
17050,1964.9999999999998,2874.5,0.0,44100.0,0.40645144687645
17051,1964.9999999999998,2879.0,0.0,43800.0,0.40709190689162
17052,1970.0,2894.5,0.0,44000.0,0.41057928400293997
17053,1970.0,2894.5,0.0,44150.0,0.41057928400293997
17054,1960.0000000000002,2889.0,0.0,43900.0,0.40723994123382
17055,1960.0000000000002,2884.0,0.0,43500.0,0.40653052343409996
17056,1964.9999999999998,2894.5,0.0,43700.0,0.40929803613646
17057,1964.9999999999998,2894.5,0.0,43850.0,0.40929803613646
17058,1960.0000000000002,2889.0,0.0,43900.0,0.40723994123382
17059,1970.0,2900.0,0.0,44100.0,0.41136460815348
17060,1964.9999999999998,2894.5,0.0,44100.0,0.40929803613646
17061,1960.0000000000002,2889.0,0.0,44450.0,0.40723994123382
17062,1964.9999999999998,2894.5,0.0,44350.0,0.40929803613646
17063,1970.0,2905.0,0.0,43750.0,0.41207855629521
17064,1970.0,2900.0,0.0,43850.0,0.41136460815348
17065,1960.0000000000002,2889.0,0.0,43350.0,0.40723994123382
17066,1970.0,2900.0,0.0,43200.0,0.41136460815348
17067,1970.0,2889.0,0.0,43300.0,0.40979397955254
17068,1966.66666666667,2885.66666666667,0.0,43300.0,0.40846613124003994
17069,1970.0,2889.0,0.0,43900.0,0.40979397955254
17070,1970.0,2900.0,0.0,44000.0,0.41136460815348
17071,1964.9999999999998,2889.0,0.0,43900.0,0.40851519828543004
17072,1970.0,2894.5,0.0,43750.0,0.41057928400293997
17073,1970.0,2905.0,0.0,43800.0,0.41207855629521
17074,1964.9999999999998,2894.5,0.0,44100.0,0.40929803613646
17075,1970.0,2905.0,0.0,43850.0,0.41207855629521
17076,1970.0,2905.0,0.0,43750.0,0.41207855629521
17077,1970.0,2905.0,0.0,44400.0,0.41207855629521
17078,1970.0,2910.0,0.0,43900.0,0.41279252071920997
17079,1970.0,2910.0,0.0,43800.0,0.41279252071920997
17080,1966.66666666667,2910.0,0.0,43966.6666666667,0.41193332589132997
17081,1970.0,2900.0,0.0,43800.0,0.41136460815348
17082,1970.0,2900.0,0.0,43800.0,0.41136460815348
17083,1970.0,2905.0,0.0,43850.0,0.41207855629521
17084,1970.0,2900.0,0.0,43800.0,0.41136460815348
17085,1970.0,2916.66666666667,0.0,43966.6666666667,0.4137444986135
17086,1970.0,2910.0,0.0,43600.0,0.41279252071920997
17087,1960.0000000000002,2910.0,0.0,43800.0,0.41021967156572
17088,1966.66666666667,2910.0,0.0,44066.6666666667,0.41193332589132997
17089,1970.0,2910.0,0.0,44000.0,0.41279252071920997
17090,1964.9999999999998,2920.0,0.0,43500.0,0.41292781288878994
17091,1964.9999999999998,2924.5,0.0,43800.0,0.41356840541712003
17092,1964.9999999999998,2924.5,0.0,43950.0,0.41356840541712003
17093,1964.9999999999998,2929.0,0.0,43250.0,0.41420901105338004
17094,1964.9999999999998,2934.0,0.0,43300.0,0.41492081046765
17095,1960.0000000000002,2929.0,0.0,43200.0,0.41291586246878
17096,1960.0000000000002,2929.0,0.0,43700.0,0.41291586246878
17097,1964.9999999999998,2934.0,0.0,43500.0,0.41492081046765
17098,1960.0000000000002,2929.0,0.0,43800.0,0.41291586246878
17099,1970.0,2939.0,0.0,43800.0,0.41693383549348
17100,1960.0000000000002,2929.0,0.0,43933.3333333333,0.41291586246878
17101,1963.33333333333,2935.66666666667,0.0,43666.6666666667,0.41472563916075
17102,1960.0000000000002,2939.0,0.0,43200.0,0.41433500358566006
17103,1960.0000000000002,2939.0,0.0,43800.0,0.41433500358566006
17104,1960.0000000000002,2939.0,0.0,44066.6666666667,0.41433500358566006
17105,1960.0000000000002,2939.0,0.0,43800.0,0.41433500358566006
